incident_id,report_text,location,reported_by,department,severity,incident_type,report_date,shift,status
1,Pressure leak detected on Pipeline 7 during routine inspection.,Platform B,Aisha,Instrumentation,High,Leak,2025-09-30,Day,Open
2,,Compressor Station,Mary,Utilities,Low,Inspection,2025-12-15,Day,Closed
3,,Tank Farm,Mary,Utilities,Medium,Slip/Fall,2025-09-09,Day,Open
4,Smoke observed from electrical control panel.,Refinery,Joy,Production,High,Electrical,2026-01-22,Day,Open
5,,Gas Processing Unit,Samuel,Production,Medium,Equipment Failure,2025-02-14,Day,Closed
6,Worker slipped on wet surface near loading bay.,Flow Station,Blessing,Pipeline Operations,Medium,Slip/Fall,2025-10-26,Night,Resolved
7,Oil spill discovered near storage tank.,Wellhead 12,Paul,Pipeline Operations,High,Oil Spill,2025-11-09,Night,Resolved
8,corrosion observed on external pipeline coating.,Control Room,Chinedu,Electrical,Medium,Corrosion,2025-11-19,Day,Resolved
9,SMOKE OBSERVED FROM ELECTRICAL CONTROL PANEL.,Flow Station,Daniel,Electrical,High,Electrical,2026-03-21,Night,Resolved
10,,Compressor Station,John,Maintenance,Medium,Equipment Failure,2025-03-26,Night,Under Investigation
11,Worker slipped on wet surface near loading bay.,Tank Farm,Fatima,Electrical,Medium,Slip/Fall,2026-02-05,Day,Resolved
12,Fire extinguisher inspection completed successfully.,Storage Terminal,Joy,Utilities,Low,Inspection,17/01/2025,Day,Open
13,Loose flange bolts discovered during maintenance.,Loading Bay,Fatima,Pipeline Operations,Medium,Mechanical,2025-12-27,Day,Resolved
14,Abnormal temperature recorded in processing unit.,Compressor Station,Ahmed,PIPELINE OPERATIONS,Medium,Equipment Failure,2025-10-22,Night,Closed
15,  Abnormal temprature recorded in processing unit.  ,Wellhead 12,Michael,Maintenance,Medium,Equipment Failure,2026-04-01,Night,Resolved
16,Pressure leak detected on Pipeline 7 during routine inspection.,Pipeline 7,Michael,Mechanical,High,Leak,2025-07-17,Day,Under Investigation
17,sensor calibration completed successfully.,Tank Farm,Daniel,HSE,Low,Inspection,2026-03-21,Night,Open
18,Gas detector triggred alarm near compressor station.,Storage Terminal,Aisha,Electrical,High,Gas Detection,2025-12-30,Day,Open
19,,Manifold,John,Electrical,Low,Inspection,2026-01-22,Day,Resolved
20,Pressure leak detected on Pipeline 7 during routine inspection.,Tank Farm,David,Mechanical,High,Leak,2025-02-03,Night,Resolved
21,Pump vibration exceeded acceptable threshold.,Pipeline 7,Daniel,Maintenance,Medium,Equipment Failure,2026-03-06,Day,Closed
22,Pump vibration exceeded acceptable threshold.,Loading Bay,Grace,Production,Medium,Equipment Failure,2025-02-28,Night,Under Investigation
23,Worker slipped on wet surface near loading bay.,Manifold,Daniel,HSE,Medium,Slip/Fall,2026-02-03,Night,Closed
24,Abnormal temperature recorded in processing unit.,Tank Farm,Mary,Production,Medium,Equipment Failure,2025-06-20,Night,Resolved
25,PRESSURE LEAK DETECTED ON PIPELINE 7 DURING ROUTINE INSPECTION.,Gas Processing Unit,Michael,Mechanical,High,Leak,2025-01-22,Night,Resolved
26,  Loose flange bolts discovered during maintenance.  ,Gas Processing Unit,Ahmed,Mechanical,Medium,Mechanical,2025-11-08,Night,Open
27,Worker slipped on wet surface near loading bay.,Compressor Station,Fatima,Electrical,Medium,Slip/Fall,2026-06-12,Day,Under Investigation
28,Abnormal temperature recorded in processing unit.,Pipeline 8,Mary,Utilities,Medium,Equipment Failure,19/08/2025,Night,Open
29,Oil spill discovered near storage tank.,,Mary,Inspection,High,Oil Spill,2025-07-28,Night,Under Investigation
30,Fire extinguisher inspection completed successfully.,Pipeline 7,Mary,Production,Low,Inspection,2025-07-21,Day,Open
31,Corrosion observed on external pipeline coating.,Platform B,Chinedu,Inspection,Medium,Corrosion,2025-03-29,Night,Open
32,Pump vibration exceeded acceptable threshold.,Compressor Station,Mary,Maintenance,Medium,Equipment Failure,2025-05-19,Night,Resolved
33,Small hydraulic fluid leak found beneath crane.,Refinery,Joy,Pipeline Operations,Medium,Leak,2025-09-21,Night,Under Investigation
34,Fire extinguisher inspection completed successfully.,Manifold,Grace,Electrical,low,Inspection,2025-05-10,Day,Resolved
35,Pump vibration exceeded acceptable threshold.,Gas Processing Unit,Chinedu,Production,medium,Equipment Failure,2025-02-23,Night,Resolved
36,Pump vibration exceeded acceptable threshold.,Loading Bay,Paul,Instrumentation,Medium,Equipment Failure,2025-11-20,Night,Closed
37,Sensor calibration completed successfully.,Wellhead 12,Fatima,Inspection,Low,Inspection,2025-07-05,Night,Open
38,Loose flange bolts discovered during maintainance.,Refinery,Ibrahim,Electrical,Medium,Mechanical,2025-09-29,Day,Resolved
39,Pump vibration exceeded acceptable threshold.,Pipeline 8,Blessing,HSE,Medium,Equipment Failure,2025-05-06,Night,Under Investigation
40,Pressure leak detected on Pipeline 7 during routine inspection.,Refinery,John,Instrumentation,High,Leak,2025-11-02,Day,Resolved
41,Unauthorized personnel entered restricted area.,Flow Station,Ahmed,Utilities,High,Security,Sep 06 2025,Night,Under Investigation
42,Loose flange bolts discovered during maintenance.,Wellhead 12,Chinedu,Utilities,Medium,Mechanical,2025-09-12,Night,Under Investigation
43,Pump vibration exceeded acceptable threshold.,Pipeline 7,Michael,Production,Medium,Equipment Failure,2025-01-21,Night,Resolved
44,small hydraulic fluid leak found beneath crane.,Pipeline 12,Samuel,Electrical,medium,Leak,2025-02-13,Night,Closed
45,Pump vibration exceeded acceptable threshold.,Control Room,Fatima,Inspection,Medium,Equipment Failure,2025-02-02,Night,Under Investigation
46,Small hydraulic fluid leak found beneath crane.,Storage Terminal,Blessing,Pipeline Operations,Medium,Leak,2025-11-25,Night,Closed
47,Small hydraulic fluid leak found beneath crane.,Manifold,Aisha,HSE,Medium,Leak,2025-10-19,Day,Resolved
48,Pump vibration exceeded acceptable threshold.,Refinery,John,Pipeline Operations,Medium,Equipment Failure,2026-05-24,Day,Closed
49,Pressure leak detected on Pipeline 7 during routine inspection.,Platform B,Mary,Maintenance,High,Leak,2025-07-18,Night,Resolved
50,Loose flange bolts discovered during maintenance.,Manifold,Samuel,Inspection,Medium,Mechanical,2025-10-17,Day,Open
51,Routine valve maintenance completed without issues.,Storage Terminal,Mary,Electrical,LOW,Maintenance,2025-10-14,Day,Open
52,Emergency shutdown activated after pressure surge.,Refinery,Ibrahim,Mechanical,High,Equipment Failure,2025-04-24,Day,Resolved
53,  Sensor calibration completed successfully.  ,Loading Bay,Ibrahim,Electrical,Low,Inspection,2026-01-01,Day,Resolved
54,Worker slipped on wet surface near loading bay.,Platform A,Blessing,Inspection,Medium,Slip/Fall,2025-09-05,Day,Closed
55,  smoke observed from electrical control panel.  ,Platform A,Aisha,Instrumentation,High,Electrical,2025-01-27,Day,Resolved
56,Emergency shutdown activated after pressure surge.,Tank Farm,Mary,Pipeline Operations,High,Equipment Failure,2025-02-12,Day,Resolved
57,Small hydraulic fluid leak found beneath crane.,Platform B,Blessing,Maintenance,Medium,Leak,2025-11-08,Day,Under Investigation
58,Emergency shutdown activated after pressure surge.,Loading Bay,Paul,Utilities,High,Equipment Failure,06/08/2025,Day,Under Investigation
59,Sensor calibration completed successfully.,Pipeline 12,Samuel,Inspection,Low,Inspection,2026-03-01,Day,Resolved
60,Fire extinguisher inspection completed successfully.,Compressor Station,Grace,Instrumentation,Low,Inspection,2025-03-20,Night,Open
61,Oil spill discovered near storage tank.,Pipeline 12,Samuel,Production,High,Oil Spill,2025-05-10,Day,Resolved
62,  Smoke observed from electrical control panel.  ,Control Room,Fatima,Electrical,High,Electrical,2025-01-18,Night,Under Investigation
63,Oil spill discovered near storage tank.,Tank Farm,Grace,Instrumentation,High,Oil Spill,2025-02-18,Day,Open
64,  Unauthorized personnel entered restricted area.  ,Loading Bay,Fatima,Production,High,Security,2025-07-30,Night,Closed
65,FIRE EXTINGUISHER INSPECTION COMPLETED SUCCESSFULLY.,Pipeline 12,Blessing,Mechanical,Low,Inspection,24/05/2025,Day,Closed
66,Sensor calibration completed successfully.,Flow Station,Aisha,Utilities,Low,Inspection,2025-02-03,Day,Closed
67,  Corrosion observed on external pipeline coating.  ,Wellhead 12,Ibrahim,Inspection,Medium,Corrosion,2026-02-19,Day,Open
68,Worker slipped on wet surface near loading bay.,Pipeline 8,Samuel,Production,Medium,Slip/Fall,2025-05-18,Day,Under Investigation
69,  Routine valve maintenance completed without issues.  ,Flow Station,Paul,Inspection,Low,Maintenance,2025-09-02,Day,Resolved
70,,Loading Bay,Michael,Production,Medium,Equipment Failure,2025-01-10,Night,Under Investigation
71,Emergency shutdown activated after pressure surge.,Refinery,Fatima,Inspection,High,Equipment Failure,2025-03-04,Day,Open
72,Gas detector triggered alarm near compressor station.,Manifold,Grace,HSE,High,Gas Detection,2025-08-29,Day,Open
73,Sensor calibration completed successfully.,Manifold,Chinedu,Electrical,low,Inspection,2025-09-27,Night,Under Investigation
74,Pump vibration exceeded acceptable threshold.,Loading Bay,Michael,Instrumentation,Medium,Equipment Failure,2025-02-04,Night,Under Investigation
75,Pump vibration exceeded acceptable threshold.,Gas Processing Unit,Paul,Pipeline Operations,Medium,Equipment Failure,2025-12-25,Day,Under Investigation
76,Gas detector triggred alarm near compressor station.,Refinery,Ahmed,Maintenance,High,Gas Detection,2025-11-30,Night,Open
77,Small hydraulic fluid leak found beneath crane.,Storage Terminal,Ahmed,Electrical,Medium,Leak,2025-07-23,Night,Open
78,Corrosion observed on external pipeline coating.,Platform A,Ahmed,Utilities,Medium,Corrosion,2026-03-14,Night,Under Investigation
79,Emergency shutdown activated after pressure surge.,Manifold,Mary,Electrical,High,Equipment Failure,2025-06-17,Night,Open
80,Oil spill discovered near storage tank.,Gas Processing Unit,John,Maintenance,High,Oil Spill,2025-07-17,Night,Closed
81,Gas detector triggered alarm near compressor station.,Pipeline 12,Ahmed,Production,High,Gas Detection,2025-10-04,Day,Open
82,Pump vibration exceeded acceptable threshold.,Pipeline 7,Blessing,HSE,Medium,Equipment Failure,2026-01-05,Day,Under Investigation
83,Fire extinguisher inspection completed successfully.,Pipeline 8,Chinedu,HSE,Low,Inspection,2026-06-16,Day,Open
84,Smoke observed from electrical control panel.,Tank Farm,David,HSE,High,Electrical,2026-03-27,Day,Open
85,Gas detector triggred alarm near compressor station.,Control Room,Aisha,Production,High,Gas Detection,2026-03-28,Night,Under Investigation
86,  Emergency shutdown activated after pressure surge.  ,Pipeline 12,Paul,Maintenance,High,Equipment Failure,2026-02-01,Day,Resolved
87,Corrosion observed on external pipeline coating.,Platform A,Blessing,Pipeline Operations,Medium,Corrosion,2026-03-04,Day,Open
88,Worker slipped on wet surface near loading bay.,,David,Instrumentation,Medium,Slip/Fall,2025-06-22,Night,Under Investigation
89,Gas detector triggered alarm near compressor station.,Control Room,John,Production,High,Gas Detection,2026-02-08,Night,Open
90,Emergency shutdown activated after pressure surge.,Loading Bay,Mary,Inspection,High,Equipment Failure,2025-11-14,Night,Under Investigation
91,PRESSURE LEAK DETECTED ON PIPELINE 7 DURING ROUTINE INSPECTION.,Loading Bay,,HSE,High,Leak,2025-10-19,Day,Resolved
92,Corrosion observed on external pipeline coating.,Wellhead 12,John,Instrumentation,Medium,Corrosion,2025-03-09,Day,Closed
93,Emergency shutdown activated after pressure surge.,Pipeline 7,Mary,Inspection,High,Equipment Failure,2025-03-06,Night,Closed
94,Fire extinguisher inspection completed successfully.,Storage Terminal,Ahmed,Instrumentation,Low,Inspection,2026-01-09,Day,Closed
95,Gas detector triggered alarm near compressor station.,Wellhead 12,John,Electrical,High,Gas Detection,2025-11-15,Day,Closed
96,Emergency shutdown activated after pressure surge.,Pipeline 7,Michael,Electrical,High,Equipment Failure,2025-04-11,Day,Resolved
97,SENSOR CALIBRATION COMPLETED SUCCESSFULLY.,Gas Processing Unit,Blessing,Mechanical,Low,Inspection,2026-01-29,Night,Closed
98,EMERGENCY SHUTDOWN ACTIVATED AFTER PRESSURE SURGE.,Loading Bay,Ibrahim,Instrumentation,high,Equipment Failure,2025-04-17,Day,Open
99,Corrosion observed on external pipeline coating.,Pipeline 12,Daniel,Maintenance,Medium,Corrosion,2025-11-06,Night,Resolved
100,Small hydraulic fluid leak found beneath crane.,Platform B,David,Instrumentation,medium,Leak,2025-07-08,Day,Open
101,Smoke observed from electrical control panel.,Storage Terminal,Chinedu,Maintenance,High,Electrical,2026-06-17,Day,Resolved
102,Smoke observed from electrical control panel.,Loading Bay,Grace,Electrical,High,Electrical,May 06 2026,Day,Under Investigation
103,Oil spill discovered near storage tank.,,Joy,Mechanical,High,Oil Spill,2026-01-18,Night,Under Investigation
104,Corrosion observed on external pipeline coating.,Pipeline 12,John,Utilities,M,Corrosion,2025-02-23,Day,Resolved
105,Sensor calibration completed successfully.,Tank Farm,Joy,Instrumentation,low,Inspection,2025-07-01,Day,Open
106,  Corrosion observed on external pipeline coating.  ,Storage Terminal,Ibrahim,Maintenance,Medium,Corrosion,2026-06-03,Day,Resolved
107,Smoke observed from electrical control panel.,Compressor Station,Joy,Inspection,High,Electrical,2026-06-22,Night,Under Investigation
108,Pump vibration exceeded acceptable threshold.,Storage Terminal,Daniel,Instrumentation,Medium,Equipment Failure,2025-10-01,Night,Resolved
109,WORKER SLIPPED ON WET SURFACE NEAR LOADING BAY.,Platform A,Aisha,Pipeline Operations,Medium,Slip/Fall,2026-06-13,Day,Under Investigation
110,Smoke observed from electrical control panel.,Pipeline 7,Michael,Maintenance,High,Electrical,2025-06-21,Night,Closed
111,SENSOR CALIBRATION COMPLETED SUCCESSFULLY.,Compressor Station,Blessing,Inspection,Low,Inspection,2026-06-05,Day,Resolved
112,Abnormal temperature recorded in processing unit.,Loading Bay,John,Mechanical,Medium,Equipment Failure,2025-06-09,Night,Under Investigation
113,Emergency shutdown activated after pressure surge.,Compressor Station,Daniel,Mechanical,High,Equipment Failure,2025-08-19,Day,Resolved
114,Small hydraulic fluid leak found beneath crane.,Control Room,Blessing,Mechanical,Medium,Leak,2026-02-10,Night,Open
115,Emergency shutdown activated after pressure surge.,Refinery,Paul,Instrumentation,High,Equipment Failure,2025-04-01,Night,Resolved
116,Routine valve maintainance completed without issues.,Pipeline 7,Aisha,Pipeline Operations,Low,Maintenance,2025-12-28,Night,Under Investigation
117,Sensor calibration completed successfully.,Platform A,Ahmed,Electrical,Low,Inspection,2026-05-03,Night,Closed
118,Pressure leak detected on Pipeline 7 during routine inspection.,Pipeline 12,Michael,Mechanical,High,Leak,Jul 27 2025,Night,Resolved
119,Emergency shutdown activated after pressure surge.,,John,Utilities,High,Equipment Failure,2025-05-09,Night,Under Investigation
120,Abnormal temperature recorded in processing unit.,Platform B,Daniel,Production,Medium,Equipment Failure,2025-12-21,Day,Open
121,Gas detector triggered alarm near compressor station.,Compressor Station,Michael,Electrical,High,Gas Detection,2025-01-11,Night,Resolved
122,Fire extinguisher inspection completed successfully.,Gas Processing Unit,Samuel,Production,Low,Inspection,2025-07-12,Day,Under Investigation
123,Corrosion observed on external pipeline coating.,Tank Farm,,Instrumentation,Medium,Corrosion,2026-05-16,Day,Resolved
124,Gas detector triggered alarm near compressor station.,Tank Farm,Mary,Instrumentation,High,Gas Detection,2025-04-15,Day,Under Investigation
125,Gas detector triggered alarm near compressor station.,Gas Processing Unit,Aisha,Utilities,High,Gas Detection,2025-06-29,Day,Open
126,Loose flange bolts discovered during maintenance.,Pipeline 8,Ibrahim,Mechanical,Medium,Mechanical,Mar 24 2026,Night,Open
127,Fire extinguisher inspection completed successfully.,Pipeline 7,Aisha,HSE,Low,Inspection,2026-06-04,Night,Resolved
128,  Loose flange bolts discovered during maintenance.  ,Control Room,Ahmed,Utilities,M,Mechanical,2026-01-12,Night,Open
129,Pump vibration exceeded acceptable threshold.,Storage Terminal,Michael,Production,Medium,Equipment Failure,2025-01-28,Night,Resolved
130,Abnormal temperature recorded in processing unit.,Tank Farm,John,Inspection,Medium,Equipment Failure,2025-10-21,Night,Under Investigation
131,Worker slipped on wet surface near loading bay.,Tank Farm,Chinedu,Mechanical,Medium,Slip/Fall,2026-01-05,Day,Open
132,Unauthorized personnel entered restricted area.,Wellhead 12,Paul,Maintenance,High,Security,2025-08-01,Night,Closed
133,small hydraulic fluid leak found beneath crane.,Wellhead 12,,Inspection,Medium,Leak,2025-11-16,Day,Closed
134,Routine valve maintenance completed without issues.,Wellhead 12,Joy,Utilities,Low,Maintenance,2026-05-03,Night,Resolved
135,Sensor calibration completed successfully.,Manifold,David,Instrumentation,Low,Inspection,2025-10-28,Day,Resolved
136,Loose flange bolts discovered during maintenance.,Wellhead 12,Aisha,Utilities,Medium,Mechanical,2026-01-27,Day,Closed
137,Sensor calibration completed successfully.,Pipeline 7,Michael,Instrumentation,L,Inspection,2026-06-06,Night,Under Investigation
138,,Platform A,Joy,HSE,High,Security,2025-06-29,Day,Resolved
139,  Sensor calibration completed successfully.  ,Gas Processing Unit,Aisha,Instrumentation,Low,Inspection,2025-03-06,Night,Resolved
140,  Small hydraulic fluid leak found beneath crane.  ,Loading Bay,,Maintenance,Medium,Leak,2025-06-22,Night,Closed
141,Worker slipped on wet surface near loading bay.,Flow Station,David,Instrumentation,Medium,Slip/Fall,2025-06-08,Day,Resolved
142,OIL SPILL DISCOVERED NEAR STORAGE TANK.,Storage Terminal,Grace,Inspection,High,Oil Spill,2025-10-31,Day,Open
143,Sensor calibration completed successfully.,Control Room,David,Inspection,Low,Inspection,2026-04-04,Day,Closed
144,Worker slipped on wet surface near loading bay.,Flow Station,Fatima,Maintenance,Medium,Slip/Fall,2025-11-30,Day,Open
145,Corrosion observed on external pipeline coating.,Pipeline 7,Fatima,Inspection,Medium,Corrosion,27/03/2025,Day,Resolved
146,Fire extinguisher inspection completed successfully.,Pipeline 12,Aisha,Electrical,Low,Inspection,2026-06-21,Day,Closed
147,Emergency shutdown activated after pressure surge.,Pipeline 8,Ibrahim,Maintenance,High,Equipment Failure,2025-09-01,Night,Closed
148,Routine valve maintenance completed without issues.,Flow Station,Michael,Utilities,Low,Maintenance,2026-02-14,Day,Resolved
149,Oil spill discovered near storage tank.,Refinery,Ibrahim,Maintenance,High,Oil Spill,2025-05-28,Day,Closed
150,Oil spill discovered near storage tank.,Gas Processing Unit,Daniel,Mechanical,High,Oil Spill,2026-06-02,Day,Closed
151,Worker slipped on wet surface near loading bay.,Compressor Station,Michael,Inspection,Medium,Slip/Fall,2026-05-26,Day,Open
152,  Oil spill discovered near storage tank.  ,Loading Bay,Michael,Pipeline Operations,High,Oil Spill,2026-05-26,Night,Closed
153,abnormal temprature recorded in processing unit.,Loading Bay,Joy,Inspection,Medium,Equipment Failure,2026-03-19,Day,Under Investigation
154,Oil spill discovered near storage tank.,Compressor Station,David,HSE,H,Oil Spill,2025-08-30,Day,Closed
155,Corrosion observed on external pipeline coating.,Pipeline 7,Daniel,Production,Medium,Corrosion,2026-02-24,Night,Resolved
156,Gas detector triggered alarm near compressor station.,Pipeline 12,Samuel,Utilities,High,Gas Detection,2026-06-01,Day,Resolved
157,Abnormal temperature recorded in processing unit.,Platform B,Aisha,Mechanical,Medium,Equipment Failure,2025-01-25,Day,Under Investigation
158,Pump vibration exceeded acceptable threshold.,Pipeline 12,Samuel,Mechanical,Medium,Equipment Failure,06/11/2025,Day,Resolved
159,Routine valve maintenance completed without issues.,Tank Farm,Fatima,Production,Low,Maintenance,2025-08-25,Night,Under Investigation
160,oil spill discovered near storage tank.,Storage Terminal,Mary,Production,High,Oil Spill,2025-04-16,Day,Under Investigation
161,Pump vibration exceeded acceptable threshold.,Control Room,Samuel,Mechanical,Medium,Equipment Failure,2026-02-01,Day,Closed
162,Corrosion observed on external pipeline coating.,Pipeline 12,Daniel,Utilities,Medium,Corrosion,2025-07-31,Night,Closed
163,Loose flange bolts discovered during maintenance.,Flow Station,Daniel,Electrical,Medium,Mechanical,2025-09-07,Night,Under Investigation
164,FIRE EXTINGUISHER INSPECTION COMPLETED SUCCESSFULLY.,Pipeline 12,David,Utilities,Low,Inspection,2026-02-09,Night,Open
165,Small hydraulic fluid leak found beneath crane.,Manifold,Grace,Mechanical,Medium,Leak,2025-08-19,Day,Closed
166,,Tank Farm,Samuel,Utilities,High,Security,2025-01-04,Night,Under Investigation
167,Routine valve maintenance completed without issues.,Loading Bay,John,Inspection,Low,Maintenance,2025-01-24,Night,Closed
168,Sensor calibration completed successfully.,Platform B,Michael,Mechanical,Low,Inspection,2025-07-06,Day,Closed
169,Abnormal temprature recorded in processing unit.,Pipeline 12,Michael,HSE,Medium,Equipment Failure,2026-02-15,Night,Open
170,Fire extinguisher inspection completed successfully.,Storage Terminal,Ibrahim,HSE,Low,Inspection,2025-11-29,Day,Open
171,Corrosion observed on external pipeline coating.,Gas Processing Unit,Joy,Mechanical,MEDIUM,Corrosion,2025-11-06,Day,Under Investigation
172,worker slipped on wet surface near loading bay.,Refinery,David,Mechanical,Medium,Slip/Fall,2026-05-08,Day,Open
173,Corrosion observed on external pipeline coating.,Pipeline 12,Samuel,Instrumentation,Medium,Corrosion,2025-08-23,Day,Resolved
174,Presssure leak detected on Pipline 7 during routine inspection.,Manifold,Paul,Utilities,High,Leak,2025-05-15,Day,Closed
175,Pressure leak detected on Pipeline 7 during routine inspection.,Gas Processing Unit,Aisha,Production,High,Leak,2026-06-07,Night,Resolved
176,Oil spill discovered near storage tank.,Loading Bay,Blessing,Inspection,High,Oil Spill,2025-11-29,Night,Closed
177,Abnormal temperature recorded in processing unit.,Storage Terminal,Grace,Inspection,Medium,Equipment Failure,2025-02-05,Day,Under Investigation
178,Oil spill discovered near storage tank.,Control Room,Samuel,HSE,High,Oil Spill,2025-05-21,Night,Under Investigation
179,Worker slipped on wet surface near loading bay.,Platform A,Michael,Production,Medium,Slip/Fall,2026-01-17,Day,Under Investigation
180,,Storage Terminal,Samuel,Pipeline Operations,High,Gas Detection,2025-01-22,Night,Open
181,Emergency shutdown activated after pressure surge.,Storage Terminal,Ibrahim,Utilities,High,Equipment Failure,2025-04-19,Day,Closed
182,Loose flange bolts discovered during maintainance.,Flow Station,Paul,HSE,Medium,Mechanical,2026-02-26,Day,Resolved
183,Unauthorized personnel entered restricted area.,Loading Bay,David,Inspection,High,Security,2025-12-05,Night,Resolved
184,Unauthorized personnel entered restricted area.,Gas Processing Unit,Joy,HSE,High,Security,2026-05-13,Night,Under Investigation
185,Worker slipped on wet surface near loading bay.,Wellhead 12,Samuel,Electrical,Medium,Slip/Fall,2025-03-08,Day,Closed
186,Emergency shutdown activated after pressure surge.,Refinery,Ahmed,Pipeline Operations,High,Equipment Failure,2026-01-05,Night,Resolved
187,Emergency shutdown activated after pressure surge.,Platform A,Grace,Utilities,High,Equipment Failure,2025-01-26,Day,Closed
188,,Control Room,Chinedu,Maintenance,Medium,Slip/Fall,2025-09-26,Day,Resolved
189,Worker slipped on wet surface near loading bay.,Manifold,Chinedu,Electrical,Medium,Slip/Fall,2026-01-27,Night,Closed
190,Smoke observed from electrical control panel.,Pipeline 7,Aisha,Inspection,High,Electrical,2025-06-13,Day,Open
191,Loose flange bolts discovered during maintenance.,Wellhead 12,Fatima,Utilities,Medium,Mechanical,2025-07-28,Night,Resolved
192,Abnormal temprature recorded in processing unit.,Manifold,Aisha,Electrical,Medium,Equipment Failure,2025-11-15,Night,Closed
193,Loose flange bolts discovered during maintenance.,Storage Terminal,Ibrahim,Maintenance,Medium,Mechanical,2025-12-02,Day,Under Investigation
194,Abnormal temperature recorded in processing unit.,Gas Processing Unit,Chinedu,Pipeline Operations,Medium,Equipment Failure,09/07/2025,Night,Under Investigation
195,Sensor calibration completed successfully.,Wellhead 12,Joy,Production,Low,Inspection,2025-01-19,Night,Open
196,Unauthorized personnel entered restricted area.,Manifold,Ahmed,Pipeline Operations,High,Security,2026-02-16,Day,Closed
197,Small hydraulic fluid leak found beneath crane.,Pipeline 8,Michael,Utilities,Medium,Leak,2025-07-14,Night,Closed
198,Corrosion observed on external pipeline coating.,Flow Station,Grace,Mechanical,Medium,Corrosion,2025-01-24,Day,Open
199,Abnormal temperature recorded in processing unit.,Platform A,Samuel,Utilities,Medium,Equipment Failure,22/05/2025,Day,Resolved
200,,Wellhead 12,Chinedu,Inspection,Medium,Leak,28/04/2025,Night,Open
201,Routine valve maintenance completed without issues.,Pipeline 8,Daniel,Utilities,Low,Maintenance,2025-03-16,Day,Resolved
202,Unauthorized personnel entered restricted area.,Compressor Station,Grace,Electrical,High,Security,2025-05-24,Day,Closed
203,,Pipeline 12,Aisha,HSE,Medium,Corrosion,2025-11-10,Day,Closed
204,Corrosion observed on external pipeline coating.,Pipeline 7,Daniel,HSE,Medium,Corrosion,2026-01-17,Night,Open
205,Corrosion observed on external pipeline coating.,Compressor Station,Blessing,HSE,Medium,Corrosion,2025-01-15,Day,Under Investigation
206,Gas detector triggred alarm near compressor station.,Flow Station,Daniel,Electrical,High,Gas Detection,2026-06-13,Night,Closed
207,Pump vibration exceeded acceptable threshold.,Control Room,Fatima,Mechanical,Medium,Equipment Failure,2025-08-03,Night,Resolved
208,Pressure leak detected on Pipeline 7 during routine inspection.,Pipeline 8,Joy,Pipeline Operations,High,Leak,2025-04-21,Day,Resolved
209,Fire extinguisher inspection completed successfully.,Platform A,Mary,Electrical,Low,Inspection,2025-01-11,Day,Under Investigation
210,Small hydraulic fluid leak found beneath crane.,Manifold,Michael,Maintenance,Medium,Leak,2025-06-17,Night,Under Investigation
211,Gas detector triggered alarm near compressor station.,Manifold,Paul,Mechanical,High,Gas Detection,2025-01-19,Day,Under Investigation
212,,Compressor Station,Aisha,HSE,Medium,Mechanical,2026-02-25,Night,Under Investigation
213,Gas detector triggered alarm near compressor station.,Pipeline 12,Samuel,Maintenance,High,Gas Detection,2025-11-13,Night,Resolved
214,Emergency shutdown activated after pressure surge.,Loading Bay,Paul,HSE,High,Equipment Failure,2025-06-23,Day,Closed
215,Sensor calibration completed successfully.,Loading Bay,Samuel,Utilities,Low,Inspection,2025-03-15,Day,Resolved
216,Smoke observed from electrical control panel.,Control Room,Grace,Mechanical,High,Electrical,2026-02-09,Day,Resolved
217,,Tank Farm,Mary,Electrical,High,Oil Spill,2025-10-15,Day,Open
218,Routine valve maintenance completed without issues.,Loading Bay,Michael,Maintenance,Low,Maintenance,2026-05-07,Night,Closed
219,Emergency shutdown activated after pressure surge.,Wellhead 12,Ahmed,Production,High,Equipment Failure,2025-10-08,Day,Closed
220,gas detector triggered alarm near compressor station.,Pipeline 8,Chinedu,HSE,High,Gas Detection,2025-12-12,Day,Under Investigation
221,Smoke observed from electrical control panel.,Loading Bay,Ibrahim,HSE,High,Electrical,2025-03-22,Day,Open
222,Smoke observed from electrical control panel.,Compressor Station,,Utilities,High,Electrical,2026-03-12,Day,Under Investigation
223,Loose flange bolts discovered during maintenance.,Control Room,Grace,HSE,Medium,Mechanical,2026-04-18,Day,Resolved
224,Gas detector triggered alarm near compressor station.,Platform A,Grace,Maintenance,High,Gas Detection,2026-06-09,Night,Closed
225,Pump vibration exceeded acceptable threshold.,Pipeline 12,David,Production,Medium,Equipment Failure,2026-02-18,Night,Closed
226,Fire extinguisher inspection completed successfully.,Gas Processing Unit,Paul,Mechanical,Low,Inspection,2025-06-12,Day,Under Investigation
227,Abnormal temprature recorded in processing unit.,Storage Terminal,John,Inspection,Medium,Equipment Failure,2026-03-25,Night,Closed
228,Loose flange bolts discovered during maintenance.,Platform B,David,HSE,Medium,Mechanical,2025-02-27,Day,Resolved
229,Corrosion observed on external pipeline coating.,Pipeline 7,Paul,Pipeline Operations,MEDIUM,Corrosion,2026-01-09,Night,Closed
230,  Smoke observed from electrical control panel.  ,Refinery,Blessing,Production,High,Electrical,2025-07-18,Night,Closed
231,Presssure leak detected on Pipline 7 during routine inspection.,Control Room,Mary,Maintenance,High,Leak,2025-05-06,Day,Closed
232,Sensor calibration completed successfully.,Compressor Station,Paul,Electrical,Low,Inspection,2026-06-15,Day,Open
233,SMOKE OBSERVED FROM ELECTRICAL CONTROL PANEL.,Pipeline 8,Grace,Mechanical,High,Electrical,2026-05-06,Night,Closed
234,Small hydraulic fluid leak found beneath crane.,Refinery,Paul,Mechanical,Medium,Leak,2025-04-07,Day,Under Investigation
235,Corrosion observed on external pipeline coating.,Manifold,Daniel,Instrumentation,Medium,Corrosion,2025-12-18,Day,Closed
236,Worker slipped on wet surface near loading bay.,Platform A,Blessing,HSE,Medium,Slip/Fall,2025-07-02,Night,Open
237,Fire extinguisher inspection completed successfully.,Control Room,Michael,Utilities,Low,Inspection,2026-05-24,Night,Under Investigation
238,Loose flange bolts discovered during maintenance.,Pipeline 12,Joy,Production,Medium,Mechanical,2025-08-20,Night,Under Investigation
239,Smoke observed from electrical control panel.,Pipeline 8,Blessing,Inspection,High,Electrical,2026-01-16,Day,Closed
240,Oil spill discovered near storage tank.,Wellhead 12,Daniel,Instrumentation,HIGH,Oil Spill,2025-02-06,Night,Resolved
241,Corrosion observed on external pipeline coating.,,Paul,Instrumentation,Medium,Corrosion,2025-05-04,Night,Under Investigation
242,Gas detector triggered alarm near compressor station.,Loading Bay,Grace,Inspection,High,Gas Detection,2025-02-15,Day,Closed
243,  WORKER SLIPPED ON WET SURFACE NEAR LOADING BAY.  ,Platform B,,HSE,Medium,Slip/Fall,2025-07-11,Day,Open
244,Oil spill discovered near storage tank.,Compressor Station,David,Instrumentation,High,Oil Spill,2025-03-25,Day,Under Investigation
245,Emergency shutdown activated after pressure surge.,Refinery,Ibrahim,Utilities,High,Equipment Failure,2025-11-14,Night,Resolved
246,Fire extinguisher inspection completed successfully.,Pipeline 12,Ahmed,Maintenance,Low,Inspection,2025-04-05,Night,Open
247,  Pump vibration exceeded acceptable threshold.  ,Platform A,Blessing,Pipeline Operations,Medium,Equipment Failure,2025-01-06,Night,Closed
248,  Unauthorized personnel entered restricted area.  ,Loading Bay,Blessing,Production,H,Security,2025-08-16,Night,Under Investigation
249,Unauthorized personnel entered restricted area.,Flow Station,David,Maintenance,High,Security,2025-11-12,Day,Resolved
250,Loose flange bolts discovered during maintenance.,Compressor Station,John,HSE,Medium,Mechanical,2025-10-22,Night,Resolved
251,,Loading Bay,Aisha,Electrical,High,Leak,2025-03-03,Night,Open
252,Oil spill discovered near storage tank.,Manifold,Aisha,Electrical,High,Oil Spill,2025-08-11,Day,Resolved
253,ABNORMAL TEMPERATURE RECORDED IN PROCESSING UNIT.,Pipeline 7,Michael,HSE,Medium,Equipment Failure,2025-09-29,Night,Resolved
254,Oil spill discovered near storage tank.,Storage Terminal,Michael,Electrical,High,Oil Spill,2025-07-14,Day,Resolved
255,Fire extinguisher inspection completed successfully.,Platform A,John,Maintenance,Low,Inspection,2025-10-04,Night,Resolved
256,Pressure leak detected on Pipeline 7 during routine inspection.,Tank Farm,David,Electrical,High,Leak,2025-02-02,Day,Resolved
257,,Manifold,Daniel,Utilities,Medium,Slip/Fall,2025-12-31,Night,Under Investigation
258,Loose flange bolts discovered during maintenance.,Compressor Station,Fatima,Pipeline Operations,Medium,Mechanical,2025-04-29,Day,Under Investigation
259,OIL SPILL DISCOVERED NEAR STORAGE TANK.,Platform A,Mary,Utilities,High,Oil Spill,2025-09-13,Night,Under Investigation
260,small hydraulic fluid leak found beneath crane.,Compressor Station,Joy,Electrical,Medium,Leak,2025-08-19,Night,Resolved
261,,Storage Terminal,Fatima,Instrumentation,Low,Inspection,2025-12-31,Night,Resolved
262,Loose flange bolts discovered during maintenance.,Pipeline 7,Chinedu,Production,Medium,Mechanical,2026-01-24,Day,Under Investigation
263,Smoke observed from electrical control panel.,Manifold,Samuel,Production,High,Electrical,2025-10-08,Night,Open
264,Gas detector triggred alarm near compressor station.,Pipeline 12,Samuel,Utilities,High,Gas Detection,2025-05-28,Night,Open
265,Emergency shutdown activated after pressure surge.,Flow Station,Daniel,Inspection,High,Equipment Failure,2025-12-31,Day,Resolved
266,Gas detector triggered alarm near compressor station.,Manifold,Daniel,Instrumentation,High,Gas Detection,2025-02-25,Night,Closed
267,Abnormal temprature recorded in processing unit.,Manifold,Blessing,Inspection,Medium,Equipment Failure,Mar 03 2025,Day,Closed
268,Worker slipped on wet surface near loading bay.,Pipeline 7,Daniel,Pipeline Operations,Medium,Slip/Fall,2025-06-11,Day,Closed
269,  Pump vibration exceeded acceptable threshold.  ,Pipeline 7,Mary,Inspection,Medium,Equipment Failure,2026-05-05,Night,Under Investigation
270,Worker slipped on wet surface near loading bay.,Tank Farm,John,Maintenance,Medium,Slip/Fall,2026-03-16,Day,Open
271,Loose flange bolts discovered during maintenance.,Platform B,Chinedu,Production,Medium,Mechanical,2025-03-10,Day,Open
272,pump vibration exceeded acceptable threshold.,Pipeline 12,Daniel,Mechanical,Medium,Equipment Failure,2026-06-21,Night,Resolved
273,,,Grace,Production,High,Leak,2025-06-20,Day,Resolved
274,Sensor calibration completed successfully.,Control Room,Blessing,Inspection,Low,Inspection,2025-08-03,Day,Under Investigation
275,UNAUTHORIZED PERSONNEL ENTERED RESTRICTED AREA.,Pipeline 7,Ibrahim,Mechanical,High,Security,2026-04-16,Night,Under Investigation
276,Gas detector triggered alarm near compressor station.,Pipeline 12,Ibrahim,Mechanical,High,Gas Detection,2025-08-29,Day,Resolved
277,Pump vibration exceeded acceptable threshold.,Compressor Station,Grace,Instrumentation,Medium,Equipment Failure,2025-12-01,Night,Closed
278,  Pump vibration exceeded acceptable threshold.  ,Pipeline 8,Daniel,Pipeline Operations,Medium,Equipment Failure,2026-01-26,Day,Resolved
279,Abnormal temperature recorded in processing unit.,Platform B,Mary,Utilities,Medium,Equipment Failure,2025-11-21,Night,Open
280,Abnormal temperature recorded in processing unit.,Tank Farm,Blessing,Pipeline Operations,Medium,Equipment Failure,2025-07-08,Night,Resolved
281,small hydraulic fluid leak found beneath crane.,Gas Processing Unit,Ibrahim,Mechanical,Medium,Leak,2026-06-20,Night,Under Investigation
282,  Sensor calibration completed successfully.  ,Flow Station,Fatima,Electrical,Low,Inspection,2026-05-11,Day,Resolved
283,  Pump vibration exceeded acceptable threshold.  ,Loading Bay,Ibrahim,Production,Medium,Equipment Failure,2025-10-10,Night,Closed
284,Corrosion observed on external pipeline coating.,Flow Station,Aisha,Inspection,Medium,Corrosion,2025-12-16,Night,Open
285,Routine valve maintenance completed without issues.,Flow Station,Michael,Mechanical,Low,Maintenance,2025-12-07,Day,Open
286,Routine valve maintenance completed without issues.,Pipeline 7,David,Production,Low,Maintenance,2026-02-12,Day,Under Investigation
287,Worker slipped on wet surface near loading bay.,Manifold,David,Maintenance,MEDIUM,Slip/Fall,2025-04-17,Day,Open
288,PUMP VIBRATION EXCEEDED ACCEPTABLE THRESHOLD.,Manifold,Fatima,Electrical,Medium,Equipment Failure,2025-07-16,Night,Resolved
289,Oil spill discovered near storage tank.,Manifold,Grace,Electrical,High,Oil Spill,29/03/2025,Night,Under Investigation
290,Worker slipped on wet surface near loading bay.,Flow Station,Joy,Instrumentation,Medium,Slip/Fall,2025-10-06,Day,Open
291,Gas detector triggered alarm near compressor station.,Platform A,Chinedu,Mechanical,High,Gas Detection,2025-02-24,Day,Closed
292,Fire extinguisher inspection completed successfully.,Loading Bay,Blessing,Production,Low,Inspection,2025-11-24,Night,Open
293,Oil spill discovered near storage tank.,Pipeline 7,John,Electrical,High,Oil Spill,2025-07-18,Day,Under Investigation
294,EMERGENCY SHUTDOWN ACTIVATED AFTER PRESSURE SURGE.,Manifold,Mary,HSE,High,Equipment Failure,2026-01-18,Night,Under Investigation
295,  Fire extinguisher inspection completed successfully.  ,Storage Terminal,Samuel,HSE,Low,Inspection,2026-06-15,Day,Open
296,Sensor calibration completed successfully.,Refinery,David,Pipeline Operations,L,Inspection,2025-07-25,Night,Resolved
297,Worker slipped on wet surface near loading bay.,Tank Farm,Fatima,Instrumentation,Medium,Slip/Fall,2025-05-16,Day,Closed
298,Unauthorized personnel entered restricted area.,Tank Farm,David,Inspection,High,Security,2026-02-28,Night,Under Investigation
299,Loose flange bolts discovered during maintenance.,Control Room,Mary,Electrical,Medium,Mechanical,2026-06-13,Night,Under Investigation
300,Loose flange bolts discovered during maintenance.,Tank Farm,Joy,Electrical,M,Mechanical,2025-09-05,Day,Under Investigation
301,Emergency shutdown activated after pressure surge.,Pipeline 7,Michael,Mechanical,High,Equipment Failure,14/02/2025,Day,Open
302,Gas detector triggered alarm near compressor station.,Control Room,Michael,Inspection,high,Gas Detection,2025-08-17,Night,Closed
303,Gas detector triggered alarm near compressor station.,Flow Station,Blessing,Inspection,High,Gas Detection,Jun 01 2026,Day,Open
304,unauthorized personnel entered restricted area.,Compressor Station,Joy,Maintenance,High,Security,2025-06-25,Day,Resolved
305,Emergency shutdown activated after pressure surge.,Storage Terminal,Grace,Inspection,High,Equipment Failure,2026-05-24,Day,Open
306,Smoke observed from electrical control panel.,Pipeline 8,Samuel,Utilities,High,Electrical,2025-09-04,Day,Resolved
307,Loose flange bolts discovered during maintenance.,Refinery,Fatima,Utilities,Medium,Mechanical,2025-02-08,Day,Open
308,Emergency shutdown activated after pressure surge.,Manifold,Mary,HSE,High,Equipment Failure,09/05/2026,Night,Open
309,SMOKE OBSERVED FROM ELECTRICAL CONTROL PANEL.,Wellhead 12,Ahmed,Electrical,High,Electrical,2025-12-02,Night,Open
310,Pump vibration exceeded acceptable threshold.,Tank Farm,Grace,Mechanical,Medium,Equipment Failure,2025-09-24,Night,Closed
311,Pressure leak detected on Pipeline 7 during routine inspection.,Refinery,Ahmed,Pipeline Operations,High,Leak,2025-06-28,Night,Open
312,Routine valve maintenance completed without issues.,Gas Processing Unit,Daniel,Mechanical,Low,Maintenance,2026-06-10,Day,Resolved
313,Emergency shutdown activated after pressure surge.,Flow Station,Ibrahim,Utilities,High,Equipment Failure,2026-05-02,Night,Under Investigation
314,  Pump vibration exceeded acceptable threshold.  ,Gas Processing Unit,Chinedu,HSE,Medium,Equipment Failure,2026-06-25,Night,Under Investigation
315,,Platform B,Paul,Instrumentation,Medium,Equipment Failure,2025-07-21,Day,Open
316,Small hydraulic fluid leak found beneath crane.,Pipeline 12,Blessing,Utilities,Medium,Leak,2025-04-10,Night,Under Investigation
317,Loose flange bolts discovered during maintenance.,Pipeline 8,David,Utilities,Medium,Mechanical,2025-04-16,Night,Closed
318,Sensor calibration completed successfully.,Compressor Station,David,Utilities,Low,Inspection,2025-01-05,Night,Under Investigation
319,Gas detector triggered alarm near compressor station.,Compressor Station,Joy,Utilities,High,Gas Detection,29/05/2025,Night,Open
320,Loose flange bolts discovered during maintenance.,Pipeline 7,Ahmed,Instrumentation,MEDIUM,Mechanical,2025-03-30,Night,Closed
321,  Emergency shutdown activated after pressure surge.  ,Pipeline 12,Chinedu,Inspection,High,Equipment Failure,2025-09-17,Night,Open
322,Small hydraulic fluid leak found beneath crane.,Tank Farm,Joy,Pipeline Operations,Medium,Leak,2025-01-03,Night,Under Investigation
323,Routine valve maintenance completed without issues.,Loading Bay,Aisha,Mechanical,Low,Maintenance,2025-08-09,Night,Closed
324,Pump vibration exceeded acceptable threshold.,Pipeline 8,Daniel,HSE,Medium,Equipment Failure,21/03/2026,Night,Closed
325,  Oil spill discovered near storage tank.  ,Loading Bay,Michael,Production,High,Oil Spill,2026-01-17,Night,Under Investigation
326,Unauthorized personnel entered restricted area.,Gas Processing Unit,David,Inspection,High,Security,2025-11-22,Day,Closed
327,Routine valve maintenance completed without issues.,Gas Processing Unit,,HSE,Low,Maintenance,2025-05-28,Day,Resolved
328,Gas detector triggered alarm near compressor station.,Wellhead 12,Aisha,Inspection,High,Gas Detection,2026-04-28,Night,Open
329,Gas detector triggred alarm near compressor station.,Platform A,Paul,HSE,High,Gas Detection,2025-12-22,Night,Open
330,abnormal temperature recorded in processing unit.,Platform A,Ibrahim,Mechanical,Medium,Equipment Failure,2026-05-13,Night,Closed
331,Fire extinguisher inspection completed successfully.,Control Room,,Utilities,Low,Inspection,2026-03-23,Night,Open
332,SMALL HYDRAULIC FLUID LEAK FOUND BENEATH CRANE.,Refinery,Samuel,HSE,Medium,Leak,2025-08-13,Day,Resolved
333,emergency shutdown activated after pressure surge.,Compressor Station,Samuel,Electrical,High,Equipment Failure,2026-05-23,Night,Open
334,routine valve maintenance completed without issues.,Compressor Station,Chinedu,Electrical,low,Maintenance,2025-10-22,Night,Open
335,Pump vibration exceeded acceptable threshold.,Refinery,Aisha,HSE,Medium,Equipment Failure,2025-02-07,Day,Open
336,Emergency shutdown activated after pressure surge.,Gas Processing Unit,Aisha,HSE,High,Equipment Failure,2025-09-08,Day,Open
337,Worker slipped on wet surface near loading bay.,Storage Terminal,Blessing,Electrical,Medium,Slip/Fall,2025-02-25,Day,Resolved
338,Emergency shutdown activated after pressure surge.,Pipeline 8,Samuel,Utilities,HIGH,Equipment Failure,2025-04-23,Day,Under Investigation
339,routine valve maintainance completed without issues.,Manifold,Michael,Production,Low,Maintenance,2025-03-19,Day,Open
340,Small hydraulic fluid leak found beneath crane.,Tank Farm,Ahmed,Maintenance,Medium,Leak,Jan 06 2025,Night,Open
341,Corrosion observed on external pipeline coating.,Tank Farm,Aisha,HSE,Medium,Corrosion,2026-05-25,Day,Open
342,Corrosion observed on external pipeline coating.,Loading Bay,Chinedu,Utilities,Medium,Corrosion,2026-02-10,Night,Resolved
343,Smoke observed from electrical control panel.,Platform A,Joy,Production,High,Electrical,2025-10-30,Day,Closed
344,unauthorized personnel entered restricted area.,Platform A,David,Production,High,Security,2025-05-24,Day,Resolved
345,Fire extinguisher inspection completed successfully.,Gas Processing Unit,Joy,Instrumentation,Low,Inspection,2025-06-03,Night,Under Investigation
346,Pump vibration exceeded acceptable threshold.,Refinery,Chinedu,Utilities,Medium,Equipment Failure,2025-07-30,Night,Closed
347,Routine valve maintenance completed without issues.,Flow Station,David,Instrumentation,Low,Maintenance,2025-11-18,Night,Open
348,Fire extinguisher inspection completed successfully.,Control Room,Fatima,HSE,Low,Inspection,2025-09-22,Night,Closed
349,Corrosion observed on external pipeline coating.,Pipeline 8,Paul,Instrumentation,Medium,Corrosion,2025-02-16,Day,Closed
350,Worker slipped on wet surface near loading bay.,Wellhead 12,Fatima,Inspection,Medium,Slip/Fall,2026-05-10,Night,Under Investigation
351,Routine valve maintenance completed without issues.,Platform B,Grace,Mechanical,L,Maintenance,2025-12-12,Night,Open
352,Oil spill discovered near storage tank.,Storage Terminal,Paul,Production,High,Oil Spill,2025-08-20,Day,Open
353,  UNAUTHORIZED PERSONNEL ENTERED RESTRICTED AREA.  ,Flow Station,Michael,Inspection,High,Security,2025-08-24,Night,Open
354,Small hydraulic fluid leak found beneath crane.,Control Room,Ahmed,Mechanical,Medium,Leak,2025-01-13,Night,Under Investigation
355,Smoke observed from electrical control panel.,Pipeline 12,Daniel,HSE,High,Electrical,2025-02-20,Night,Under Investigation
356,Corrosion observed on external pipeline coating.,Tank Farm,Ahmed,Pipeline Operations,Medium,Corrosion,2026-02-27,Night,Under Investigation
357,Pump vibration exceeded acceptable threshold.,Platform A,Samuel,Pipeline Operations,Medium,Equipment Failure,2025-10-12,Day,Closed
358,Oil spill discovered near storage tank.,Pipeline 8,Aisha,Instrumentation,High,Oil Spill,2026-05-10,Night,Closed
359,Emergency shutdown activated after pressure surge.,Platform A,Chinedu,Inspection,High,Equipment Failure,2026-05-01,Day,Open
360,Smoke observed from electrical control panel.,Control Room,Daniel,Inspection,High,Electrical,2026-03-13,Night,Under Investigation
361,pressure leak detected on pipeline 7 during routine inspection.,Pipeline 12,Samuel,Production,High,Leak,2025-11-02,Day,Under Investigation
362,Fire extinguisher inspection completed successfully.,Gas Processing Unit,Joy,Inspection,Low,Inspection,2026-03-04,Day,Closed
363,Oil spill discovered near storage tank.,Loading Bay,Blessing,Production,high,Oil Spill,2025-01-10,Night,Open
364,Pressure leak detected on Pipeline 7 during routine inspection.,Flow Station,Samuel,HSE,HIGH,Leak,2025-01-15,Day,Open
365,Emergency shutdown activated after pressure surge.,Pipeline 12,Daniel,Instrumentation,High,Equipment Failure,2025-06-15,Night,Under Investigation
366,Unauthorized personnel entered restricted area.,Pipeline 12,Blessing,Electrical,High,Security,2026-01-06,Day,Under Investigation
367,Small hydraulic fluid leak found beneath crane.,Compressor Station,David,Pipeline Operations,Medium,Leak,2025-05-23,Night,Open
368,Loose flange bolts discovered during maintenance.,Refinery,Joy,Inspection,Medium,Mechanical,2025-10-24,Day,Open
369,Loose flange bolts discovered during maintenance.,Refinery,Fatima,Inspection,Medium,Mechanical,2025-05-22,Day,Resolved
370,Small hydraulic fluid leak found beneath crane.,,Mary,Pipeline Operations,Medium,Leak,2025-12-11,Day,Resolved
371,Gas detector triggered alarm near compressor station.,Loading Bay,Samuel,Pipeline Operations,High,Gas Detection,2025-08-15,Night,Closed
372,Gas detector triggered alarm near compressor station.,Flow Station,David,Mechanical,High,Gas Detection,2025-10-15,Day,Under Investigation
373,Sensor calibration completed successfully.,Tank Farm,Daniel,HSE,Low,Inspection,15/06/2025,Night,Closed
374,Sensor calibration completed successfully.,Pipeline 7,Paul,Mechanical,Low,Inspection,2025-04-07,Day,Resolved
375,  Smoke observed from electrical control panel.  ,Pipeline 8,John,HSE,High,Electrical,2026-06-22,Night,Resolved
376,Corrosion observed on external pipeline coating.,Pipeline 12,Mary,Pipeline Operations,Medium,Corrosion,2025-05-18,Day,Resolved
377,Small hydraulic fluid leak found beneath crane.,Flow Station,Michael,Pipeline Operations,Medium,Leak,2026-06-11,Day,Closed
378,Corrosion observed on external pipeline coating.,Pipeline 12,Chinedu,Utilities,Medium,Corrosion,2025-08-29,Day,Open
379,Smoke observed from electrical control panel.,Gas Processing Unit,Mary,HSE,High,Electrical,2025-02-21,Day,Closed
380,Routine valve maintainance completed without issues.,Gas Processing Unit,Ahmed,Production,LOW,Maintenance,2025-10-27,Day,Closed
381,Oil spill discovered near storage tank.,Pipeline 12,Paul,Inspection,High,Oil Spill,2026-04-05,Night,Resolved
382,Corrosion observed on external pipeline coating.,Compressor Station,Daniel,Production,Medium,Corrosion,2025-02-01,Night,Under Investigation
383,sensor calibration completed successfully.,Storage Terminal,Ibrahim,Production,Low,Inspection,2025-02-15,Night,Open
384,Smoke observed from electrical control panel.,Refinery,Joy,Maintenance,High,Electrical,2025-08-28,Day,Closed
385,Gas detector triggered alarm near compressor station.,Compressor Station,Michael,Instrumentation,High,Gas Detection,2025-10-29,Night,Open
386,Gas detector triggered alarm near compressor station.,Storage Terminal,Fatima,Mechanical,high,Gas Detection,2025-04-11,Day,Under Investigation
387,Pump vibration exceeded acceptable threshold.,Flow Station,Joy,Maintenance,Medium,Equipment Failure,2025-05-15,Day,Under Investigation
388,Smoke observed from electrical control panel.,Wellhead 12,Ahmed,Inspection,High,Electrical,2026-03-17,Day,Open
389,Routine valve maintainance completed without issues.,Pipeline 12,Ahmed,Maintenance,Low,Maintenance,2026-02-11,Night,Open
390,Routine valve maintenance completed without issues.,Pipeline 7,Samuel,Pipeline Operations,Low,Maintenance,2025-08-13,Day,Resolved
391,Pressure leak detected on Pipeline 7 during routine inspection.,Compressor Station,Ahmed,HSE,High,Leak,2025-03-11,Day,Closed
392,Worker slipped on wet surface near loading bay.,Gas Processing Unit,Chinedu,Mechanical,Medium,Slip/Fall,2025-05-15,Night,Closed
393,Worker slipped on wet surface near loading bay.,Platform A,Fatima,Inspection,Medium,Slip/Fall,2026-02-26,Night,Closed
394,Pressure leak detected on Pipeline 7 during routine inspection.,Pipeline 12,Aisha,Inspection,High,Leak,2025-08-07,Day,Open
395,Gas detector triggered alarm near compressor station.,Pipeline 7,Samuel,Maintenance,High,Gas Detection,2026-05-30,Day,Resolved
396,Corrosion observed on external pipeline coating.,Storage Terminal,Samuel,Inspection,Medium,Corrosion,2026-03-05,Day,Open
397,Presssure leak detected on Pipline 7 during routine inspection.,Pipeline 8,Fatima,Utilities,High,Leak,2026-05-25,Day,Closed
398,Small hydraulic fluid leak found beneath crane.,Flow Station,Ahmed,Maintenance,Medium,Leak,2026-01-30,Day,Under Investigation
399,Corrosion observed on external pipeline coating.,Compressor Station,Michael,Mechanical,Medium,Corrosion,2026-02-19,Night,Under Investigation
400,Small hydraulic fluid leak found beneath crane.,Storage Terminal,Paul,Pipeline Operations,Medium,Leak,2025-04-12,Day,Resolved
401,Oil spill discovered near storage tank.,Flow Station,David,Maintenance,High,Oil Spill,2026-02-10,Night,Open
402,small hydraulic fluid leak found beneath crane.,Platform A,David,HSE,Medium,Leak,2025-11-16,Night,Resolved
403,Pressure leak detected on Pipeline 7 during routine inspection.,Loading Bay,John,Pipeline Operations,High,Leak,20/02/2025,Day,Resolved
404,Abnormal temperature recorded in processing unit.,Tank Farm,Aisha,Maintenance,Medium,Equipment Failure,2026-06-16,Day,Closed
405,Pump vibration exceeded acceptable threshold.,Manifold,Fatima,Pipeline Operations,Medium,Equipment Failure,2025-10-19,Day,Resolved
406,Small hydraulic fluid leak found beneath crane.,Platform A,Chinedu,HSE,MEDIUM,Leak,2026-03-26,Day,Resolved
407,Routine valve maintainance completed without issues.,Wellhead 12,,Production,Low,Maintenance,2025-05-25,Night,Open
408,Unauthorized personnel entered restricted area.,Storage Terminal,Joy,Maintenance,High,Security,2025-10-05,Night,Open
409,Abnormal temprature recorded in processing unit.,Manifold,Paul,Instrumentation,Medium,Equipment Failure,2025-10-12,Night,Open
410,Unauthorized personnel entered restricted area.,Flow Station,David,Electrical,High,Security,2026-02-18,Day,Closed
411,routine valve maintenance completed without issues.,Refinery,Joy,Electrical,Low,Maintenance,2025-04-06,Day,Under Investigation
412,Fire extinguisher inspection completed successfully.,Control Room,Ibrahim,Mechanical,Low,Inspection,2026-01-26,Night,Resolved
413,Pump vibration exceeded acceptable threshold.,Control Room,Ibrahim,Maintenance,Medium,Equipment Failure,2026-06-13,Day,Closed
414,pressure leak detected on pipeline 7 during routine inspection.,,John,Utilities,High,Leak,2025-07-25,Day,Resolved
415,Routine valve maintenance completed without issues.,Tank Farm,Ibrahim,Utilities,Low,Maintenance,Oct 02 2025,Night,Under Investigation
416,Pressure leak detected on Pipeline 7 during routine inspection.,Storage Terminal,Grace,Maintenance,High,Leak,2025-06-21,Day,Resolved
417,Abnormal temperature recorded in processing unit.,Flow Station,Paul,Pipeline Operations,Medium,Equipment Failure,2025-02-03,Day,Under Investigation
418,Abnormal temperature recorded in processing unit.,Refinery,Daniel,HSE,Medium,Equipment Failure,2025-04-01,Day,Closed
419,Loose flange bolts discovered during maintenance.,Compressor Station,Mary,Utilities,Medium,Mechanical,2026-04-09,Day,Resolved
420,Smoke observed from electrical control panel.,Refinery,David,Electrical,HIGH,Electrical,2026-06-13,Day,Open
421,  emergency shutdown activated after pressure surge.  ,Tank Farm,Ahmed,Inspection,High,Equipment Failure,2026-05-23,Day,Under Investigation
422,PRESSURE LEAK DETECTED ON PIPELINE 7 DURING ROUTINE INSPECTION.,Platform B,Aisha,Instrumentation,High,Leak,2025-05-24,Day,Resolved
423,Pump vibration exceeded acceptable threshold.,Pipeline 8,Michael,Mechanical,Medium,Equipment Failure,2025-10-09,Night,Open
424,Oil spill discovered near storage tank.,Wellhead 12,David,Mechanical,High,Oil Spill,2025-03-18,Day,Closed
425,Emergency shutdown activated after pressure surge.,Loading Bay,Aisha,Pipeline Operations,High,Equipment Failure,2025-08-13,Night,Open
426,OIL SPILL DISCOVERED NEAR STORAGE TANK.,Refinery,Grace,Inspection,HIGH,Oil Spill,2026-02-12,Day,Open
427,Routine valve maintenance completed without issues.,Tank Farm,Aisha,Instrumentation,Low,Maintenance,2025-07-20,Night,Closed
428,  Worker slipped on wet surface near loading bay.  ,Control Room,Mary,Maintenance,Medium,Slip/Fall,2025-06-08,Day,Resolved
429,Pressure leak detected on Pipeline 7 during routine inspection.,Flow Station,Blessing,Electrical,high,Leak,2025-08-28,Day,Under Investigation
430,Smoke observed from electrical control panel.,Pipeline 7,Aisha,Maintenance,High,Electrical,2025-10-26,Day,Closed
431,Smoke observed from electrical control panel.,Platform B,Mary,HSE,High,Electrical,2025-10-29,Day,Closed
432,Smoke observed from electrical control panel.,Compressor Station,Mary,Utilities,High,Electrical,2025-08-19,Day,Under Investigation
433,Fire extinguisher inspection completed successfully.,Pipeline 7,Samuel,Electrical,Low,Inspection,2025-11-14,Day,Open
434,Unauthorized personnel entered restricted area.,Tank Farm,David,Instrumentation,HIGH,Security,2025-01-21,Day,Open
435,Emergency shutdown activated after pressure surge.,Platform B,Ibrahim,Production,High,Equipment Failure,2025-07-08,Night,Closed
436,Unauthorized personnel entered restricted area.,Pipeline 7,Blessing,Pipeline Operations,High,Security,2025-02-23,Night,Open
437,Oil spill discovered near storage tank.,Platform B,John,Mechanical,High,Oil Spill,2025-01-20,Night,Resolved
438,Loose flange bolts discovered during maintainance.,Loading Bay,Blessing,Instrumentation,Medium,Mechanical,2026-01-25,Day,Resolved
439,Emergency shutdown activated after pressure surge.,Manifold,Grace,Production,High,Equipment Failure,2026-03-12,Night,Closed
440,Abnormal temperature recorded in processing unit.,Tank Farm,Fatima,Inspection,M,Equipment Failure,2025-11-29,Night,Under Investigation
441,Sensor calibration completed successfully.,Pipeline 12,Ibrahim,Utilities,Low,Inspection,May 21 2025,Day,Open
442,Pressure leak detected on Pipeline 7 during routine inspection.,Refinery,Ahmed,Inspection,H,Leak,2025-01-15,Day,Resolved
443,Pressure leak detected on Pipeline 7 during routine inspection.,Refinery,Paul,Maintenance,High,Leak,2026-02-02,Day,Resolved
444,Gas detector triggered alarm near compressor station.,Gas Processing Unit,Ahmed,Inspection,High,Gas Detection,2025-01-22,Day,Resolved
445,Pressure leak detected on Pipeline 7 during routine inspection.,Platform A,Grace,HSE,High,Leak,16/02/2026,Night,Under Investigation
446,routine valve maintenance completed without issues.,Gas Processing Unit,Blessing,Electrical,Low,Maintenance,2025-08-17,Night,Resolved
447,Fire extinguisher inspection completed successfully.,Refinery,Samuel,Mechanical,Low,Inspection,2025-01-08,Day,Resolved
448,Worker slipped on wet surface near loading bay.,Loading Bay,John,HSE,Medium,Slip/Fall,2026-04-10,Day,Under Investigation
449,Small hydraulic fluid leak found beneath crane.,Platform B,,Pipeline Operations,Medium,Leak,2025-02-16,Day,Open
450,Emergency shutdown activated after pressure surge.,Platform A,Daniel,Production,High,Equipment Failure,2025-11-27,Night,Closed
451,  Corrosion observed on external pipeline coating.  ,Wellhead 12,David,Production,Medium,Corrosion,2026-05-22,Day,Resolved
452,Sensor calibration completed successfully.,Storage Terminal,Aisha,Mechanical,Low,Inspection,2025-06-23,Day,Closed
453,Pressure leak detected on Pipeline 7 during routine inspection.,Manifold,Grace,Inspection,High,Leak,2026-02-22,Night,Resolved
454,Emergency shutdown activated after pressure surge.,Pipeline 8,Grace,Instrumentation,High,Equipment Failure,02/10/2025,Night,Open
455,  Pump vibration exceeded acceptable threshold.  ,Compressor Station,Samuel,Maintenance,Medium,Equipment Failure,2025-10-23,Night,Under Investigation
456,  Worker slipped on wet surface near loading bay.  ,Pipeline 12,Chinedu,Pipeline Operations,Medium,Slip/Fall,2026-05-08,Night,Resolved
457,SENSOR CALIBRATION COMPLETED SUCCESSFULLY.,Control Room,David,HSE,Low,Inspection,2026-04-16,Night,Open
458,  Pressure leak detected on Pipeline 7 during routine inspection.  ,Platform A,Mary,Production,High,Leak,Jul 22 2025,Night,Closed
459,  Small hydraulic fluid leak found beneath crane.  ,Tank Farm,Ibrahim,HSE,Medium,Leak,2025-06-04,Day,Under Investigation
460,Small hydraulic fluid leak found beneath crane.,Gas Processing Unit,David,Electrical,M,Leak,2026-01-04,Day,Open
461,Pump vibration exceeded acceptable threshold.,Refinery,David,Mechanical,Medium,Equipment Failure,2025-10-13,Night,Open
462,Worker slipped on wet surface near loading bay.,Flow Station,Daniel,HSE,Medium,Slip/Fall,2025-05-10,Day,Open
463,Pump vibration exceeded acceptable threshold.,Loading Bay,David,Utilities,medium,Equipment Failure,2025-07-02,Day,Open
464,,Refinery,Fatima,Production,Low,Inspection,2025-08-06,Day,Closed
465,loose flange bolts discovered during maintenance.,Tank Farm,David,Maintenance,Medium,Mechanical,2025-08-01,Day,Open
466,,Pipeline 12,Ibrahim,Production,Medium,Slip/Fall,2026-05-12,Day,Resolved
467,Gas detector triggered alarm near compressor station.,Storage Terminal,Joy,Instrumentation,High,Gas Detection,2025-10-22,Day,Resolved
468,Pressure leak detected on Pipeline 7 during routine inspection.,Compressor Station,Samuel,Inspection,High,Leak,2025-10-30,Night,Under Investigation
469,  Small hydraulic fluid leak found beneath crane.  ,Storage Terminal,Blessing,Electrical,Medium,Leak,2025-07-25,Night,Under Investigation
470,Gas detector triggered alarm near compressor station.,Pipeline 12,Blessing,Mechanical,High,Gas Detection,2025-07-29,Night,Under Investigation
471,WORKER SLIPPED ON WET SURFACE NEAR LOADING BAY.,Manifold,Fatima,Instrumentation,Medium,Slip/Fall,2025-10-10,Night,Closed
472,Abnormal temperature recorded in processing unit.,Platform B,Ibrahim,Production,Medium,Equipment Failure,2026-04-22,Night,Open
473,SENSOR CALIBRATION COMPLETED SUCCESSFULLY.,Loading Bay,David,Utilities,Low,Inspection,2025-03-17,Day,Under Investigation
474,Pressure leak detected on Pipeline 7 during routine inspection.,Platform B,Ibrahim,Inspection,High,Leak,2025-11-20,Day,Closed
475,abnormal temperature recorded in processing unit.,Platform A,Michael,Production,Medium,Equipment Failure,2025-05-02,Night,Closed
476,  Fire extinguisher inspection completed successfully.  ,Pipeline 12,Aisha,Pipeline Operations,Low,Inspection,2026-03-13,Day,Closed
477,Pump vibration exceeded acceptable threshold.,Manifold,Blessing,Production,Medium,Equipment Failure,2026-01-27,Night,Open
478,Fire extinguisher inspection completed successfully.,Loading Bay,Aisha,Instrumentation,Low,Inspection,2025-10-24,Night,Under Investigation
479,,Gas Processing Unit,Samuel,Inspection,High,Oil Spill,Apr 28 2026,Night,Open
480,Abnormal temperature recorded in processing unit.,Pipeline 7,Mary,Electrical,Medium,Equipment Failure,2025-04-30,Night,Open
481,Pressure leak detected on Pipeline 7 during routine inspection.,Flow Station,Chinedu,Electrical,High,Leak,2025-06-26,Day,Under Investigation
482,Unauthorized personnel entered restricted area.,Storage Terminal,Mary,Utilities,High,Security,2026-04-11,Day,Under Investigation
483,Small hydraulic fluid leak found beneath crane.,Control Room,Samuel,Instrumentation,Medium,Leak,2025-01-03,Night,Under Investigation
484,  Corrosion observed on external pipeline coating.  ,Flow Station,Chinedu,Mechanical,Medium,Corrosion,2025-03-18,Day,Resolved
485,Smoke observed from electrical control panel.,Wellhead 12,Fatima,pipeline operations,High,Electrical,2025-07-13,Day,Closed
486,Routine valve maintenance completed without issues.,Pipeline 7,John,Utilities,Low,Maintenance,2025-11-19,Night,Resolved
487,Abnormal temperature recorded in processing unit.,Flow Station,Ahmed,HSE,medium,Equipment Failure,2025-08-14,Night,Closed
488,fire extinguisher inspection completed successfully.,Storage Terminal,Joy,Mechanical,Low,Inspection,2025-04-04,Day,Closed
489,Abnormal temperature recorded in processing unit.,Flow Station,Fatima,Instrumentation,M,Equipment Failure,2025-03-14,Night,Under Investigation
490,  Oil spill discovered near storage tank.  ,Platform A,Paul,Maintenance,High,Oil Spill,2025-11-11,Night,Closed
491,Routine valve maintainance completed without issues.,Pipeline 7,Ahmed,Utilities,Low,Maintenance,2026-06-25,Night,Resolved
492,Pressure leak detected on Pipeline 7 during routine inspection.,Gas Processing Unit,Ahmed,Instrumentation,High,Leak,2025-02-21,Day,Resolved
493,Fire extinguisher inspection completed successfully.,Pipeline 8,Blessing,Inspection,Low,Inspection,2025-01-24,Night,Open
494,Corrosion observed on external pipeline coating.,Flow Station,Ibrahim,Pipeline Operations,Medium,Corrosion,2025-02-21,Day,Closed
495,Pump vibration exceeded acceptable threshold.,Control Room,Daniel,Production,Medium,Equipment Failure,2025-02-22,Night,Under Investigation
496,Corrosion observed on external pipeline coating.,Control Room,,Mechanical,Medium,Corrosion,23/01/2026,Day,Closed
497,Smoke observed from electrical control panel.,Tank Farm,Paul,Electrical,HIGH,Electrical,2025-01-04,Day,Closed
498,Routine valve maintenance completed without issues.,Platform A,Michael,Electrical,Low,Maintenance,2025-06-21,Day,Under Investigation
499,Pressure leak detected on Pipeline 7 during routine inspection.,Storage Terminal,David,Inspection,High,Leak,2025-01-04,Day,Under Investigation
500,pressure leak detected on pipeline 7 during routine inspection.,Flow Station,Ahmed,Mechanical,High,Leak,2025-09-21,Day,Closed
501,Abnormal temperature recorded in processing unit.,Pipeline 7,Samuel,Utilities,Medium,Equipment Failure,2025-03-08,Day,Resolved
502,Pressure leak detected on Pipeline 7 during routine inspection.,Flow Station,Daniel,Mechanical,High,Leak,2025-10-04,Day,Open
503,Corrosion observed on external pipeline coating.,Pipeline 8,Fatima,Electrical,MEDIUM,Corrosion,26/10/2025,Day,Closed
504,Corrosion observed on external pipeline coating.,Platform A,David,Production,Medium,Corrosion,2025-04-10,Day,Closed
505,Abnormal temperature recorded in processing unit.,Wellhead 12,Ibrahim,Production,MEDIUM,Equipment Failure,2025-02-11,Day,Open
506,Worker slipped on wet surface near loading bay.,Wellhead 12,Blessing,Electrical,MEDIUM,Slip/Fall,2025-01-16,Night,Closed
507,Routine valve maintenance completed without issues.,Loading Bay,Aisha,Production,Low,Maintenance,2026-05-24,Night,Closed
508,Worker slipped on wet surface near loading bay.,Refinery,Fatima,Utilities,Medium,Slip/Fall,2025-01-19,Night,Under Investigation
509,Oil spill discovered near storage tank.,Pipeline 8,Chinedu,Electrical,High,Oil Spill,2025-05-06,Night,Resolved
510,Gas detector triggered alarm near compressor station.,Loading Bay,Ahmed,Mechanical,High,Gas Detection,2025-01-13,Day,Under Investigation
511,Oil spill discovered near storage tank.,Tank Farm,Samuel,Instrumentation,High,Oil Spill,2026-05-24,Day,Closed
512,smoke observed from electrical control panel.,Tank Farm,Paul,Maintenance,high,Electrical,2026-03-31,Day,Closed
513,Oil spill discovered near storage tank.,Platform A,Joy,Maintenance,High,Oil Spill,2025-09-05,Night,Closed
514,fire extinguisher inspection completed successfully.,Platform B,,HSE,Low,Inspection,2025-08-11,Night,Under Investigation
515,  Routine valve maintenance completed without issues.  ,Compressor Station,Michael,Pipeline Operations,Low,Maintenance,2026-04-04,Day,Under Investigation
516,Sensor calibration completed successfully.,Control Room,Mary,Utilities,Low,Inspection,2025-10-11,Night,Closed
517,Worker slipped on wet surface near loading bay.,Wellhead 12,Ahmed,Instrumentation,Medium,Slip/Fall,22/06/2025,Night,Under Investigation
518,Small hydraulic fluid leak found beneath crane.,Pipeline 7,Ibrahim,Mechanical,Medium,Leak,2025-03-25,Night,Open
519,Oil spill discovered near storage tank.,Gas Processing Unit,Michael,Mechanical,High,Oil Spill,2025-05-29,Day,Closed
520,  Pump vibration exceeded acceptable threshold.  ,Flow Station,Aisha,Maintenance,Medium,Equipment Failure,2025-09-25,Day,Resolved
521,Smoke observed from electrical control panel.,Pipeline 12,Ahmed,Production,High,Electrical,2026-01-08,Night,Resolved
522,Pump vibration exceeded acceptable threshold.,Pipeline 8,John,Pipeline Operations,Medium,Equipment Failure,2026-01-16,Day,Resolved
523,Small hydraulic fluid leak found beneath crane.,Wellhead 12,Chinedu,Mechanical,Medium,Leak,2025-02-01,Day,Resolved
524,Corrosion observed on external pipeline coating.,Wellhead 12,Fatima,Instrumentation,Medium,Corrosion,2026-06-04,Day,Resolved
525,Small hydraulic fluid leak found beneath crane.,Gas Processing Unit,Blessing,Mechanical,Medium,Leak,2025-11-08,Night,Resolved
526,Sensor calibration completed successfully.,Refinery,Aisha,Electrical,Low,Inspection,2025-11-22,Night,Resolved
527,Worker slipped on wet surface near loading bay.,Compressor Station,Michael,Production,Medium,Slip/Fall,2026-06-21,Night,Under Investigation
528,Pump vibration exceeded acceptable threshold.,Manifold,Ahmed,Utilities,Medium,Equipment Failure,2026-02-22,Day,Resolved
529,Abnormal temperature recorded in processing unit.,Tank Farm,John,Mechanical,Medium,Equipment Failure,2025-07-01,Night,Resolved
530,  Fire extinguisher inspection completed successfully.  ,Pipeline 8,Chinedu,Mechanical,Low,Inspection,2025-03-14,Night,Open
531,Corrosion observed on external pipeline coating.,Flow Station,Paul,Electrical,Medium,Corrosion,2026-04-01,Night,Resolved
532,Sensor calibration completed successfully.,Refinery,John,Electrical,Low,Inspection,2026-06-09,Day,Open
533,Sensor calibration completed successfully.,Pipeline 12,Joy,Maintenance,Low,Inspection,03/02/2026,Night,Resolved
534,routine valve maintenance completed without issues.,Gas Processing Unit,Samuel,Instrumentation,Low,Maintenance,2026-04-26,Day,Open
535,Oil spill discovered near storage tank.,Manifold,Mary,Electrical,high,Oil Spill,2025-09-02,Day,Closed
536,pump vibration exceeded acceptable threshold.,Wellhead 12,Daniel,Instrumentation,Medium,Equipment Failure,2025-09-18,Night,Resolved
537,Sensor calibration completed successfully.,Pipeline 7,Ahmed,Utilities,Low,Inspection,03/04/2026,Day,Open
538,Oil spill discovered near storage tank.,Refinery,Mary,Instrumentation,High,Oil Spill,2026-03-10,Day,Closed
539,Unauthorized personnel entered restricted area.,,Fatima,Pipeline Operations,High,Security,27/01/2026,Night,Resolved
540,Loose flange bolts discovered during maintenance.,Storage Terminal,Paul,HSE,Medium,Mechanical,Aug 13 2025,Night,Closed
541,WORKER SLIPPED ON WET SURFACE NEAR LOADING BAY.,,John,Maintenance,Medium,Slip/Fall,2025-11-08,Day,Closed
542,Worker slipped on wet surface near loading bay.,Pipeline 7,Ibrahim,HSE,Medium,Slip/Fall,2025-05-09,Night,Closed
543,Gas detector triggered alarm near compressor station.,Pipeline 12,Paul,Instrumentation,High,Gas Detection,2026-03-24,Day,Open
544,Small hydraulic fluid leak found beneath crane.,Flow Station,Michael,HSE,Medium,Leak,2026-06-17,Night,Open
545,Small hydraulic fluid leak found beneath crane.,Pipeline 7,Chinedu,Instrumentation,Medium,Leak,2025-10-02,Night,Open
546,Pressure leak detected on Pipeline 7 during routine inspection.,Pipeline 12,Blessing,Production,High,Leak,2025-04-21,Day,Resolved
547,Smoke observed from electrical control panel.,Gas Processing Unit,Blessing,HSE,High,Electrical,2025-09-10,Day,Under Investigation
548,Gas detector triggered alarm near compressor station.,Control Room,,Maintenance,High,Gas Detection,2025-02-06,Day,Under Investigation
549,Smoke observed from electrical control panel.,Control Room,Aisha,Production,High,Electrical,Apr 11 2025,Day,Under Investigation
550,Smoke observed from electrical control panel.,Pipeline 12,Mary,Maintenance,High,Electrical,2026-01-02,Day,Resolved
551,Emergency shutdown activated after pressure surge.,Tank Farm,Paul,Instrumentation,High,Equipment Failure,2025-05-23,Day,Open
552,Unauthorized personnel entered restricted area.,Platform A,Samuel,Maintenance,High,Security,2026-03-10,Night,Open
553,Routine valve maintenance completed without issues.,Wellhead 12,Aisha,Inspection,Low,Maintenance,2025-07-18,Day,Open
554,Fire extinguisher inspection completed successfully.,Control Room,Mary,Instrumentation,Low,Inspection,31/08/2025,Night,Resolved
555,Loose flange bolts discovered during maintainance.,Control Room,Ahmed,Inspection,medium,Mechanical,2026-01-30,Night,Resolved
556,  Sensor calibration completed successfully.  ,Manifold,Ibrahim,Inspection,Low,Inspection,2025-06-06,Day,Closed
557,Pump vibration exceeded acceptable threshold.,Flow Station,John,Production,Medium,Equipment Failure,2025-12-28,Day,Open
558,Loose flange bolts discovered during maintenance.,Refinery,Fatima,Maintenance,Medium,Mechanical,2025-08-23,Night,Resolved
559,sensor calibration completed successfully.,Compressor Station,Grace,Electrical,Low,Inspection,2026-06-01,Day,Resolved
560,Routine valve maintenance completed without issues.,Platform B,Daniel,Production,Low,Maintenance,2025-01-09,Night,Under Investigation
561,Small hydraulic fluid leak found beneath crane.,Flow Station,David,Inspection,Medium,Leak,2025-05-31,Day,Under Investigation
562,Pump vibration exceeded acceptable threshold.,Platform B,Aisha,Electrical,Medium,Equipment Failure,2025-01-28,Day,Under Investigation
563,Fire extinguisher inspection completed successfully.,Gas Processing Unit,Chinedu,Electrical,Low,Inspection,2025-12-08,Night,Open
564,Sensor calibration completed successfully.,Compressor Station,Paul,Electrical,L,Inspection,Mar 25 2026,Night,Under Investigation
565,Abnormal temperature recorded in processing unit.,Loading Bay,Paul,Pipeline Operations,MEDIUM,Equipment Failure,2025-08-07,Day,Closed
566,Worker slipped on wet surface near loading bay.,Control Room,Aisha,Production,Medium,Slip/Fall,2025-03-14,Night,Resolved
567,Unauthorized personnel entered restricted area.,Gas Processing Unit,Ahmed,Instrumentation,High,Security,2025-01-20,Night,Under Investigation
568,Pump vibration exceeded acceptable threshold.,Flow Station,,Production,Medium,Equipment Failure,2025-07-18,Night,Closed
569,WORKER SLIPPED ON WET SURFACE NEAR LOADING BAY.,Tank Farm,Ibrahim,Electrical,Medium,Slip/Fall,2026-05-09,Night,Under Investigation
570,Abnormal temprature recorded in processing unit.,Flow Station,Samuel,Instrumentation,Medium,Equipment Failure,2026-04-09,Night,Resolved
571,SMALL HYDRAULIC FLUID LEAK FOUND BENEATH CRANE.,Control Room,Ibrahim,HSE,Medium,Leak,2026-06-23,Night,Under Investigation
572,  Oil spill discovered near storage tank.  ,Compressor Station,Grace,Mechanical,High,Oil Spill,2025-05-12,Day,Closed
573,Corrosion observed on external pipeline coating.,Wellhead 12,Grace,Electrical,Medium,Corrosion,2026-01-15,Night,Closed
574,Loose flange bolts discovered during maintenance.,Manifold,Ibrahim,Production,Medium,Mechanical,Nov 28 2025,Day,Resolved
575,Emergency shutdown activated after pressure surge.,Gas Processing Unit,Mary,HSE,High,Equipment Failure,2026-02-02,Night,Resolved
576,Pressure leak detected on Pipeline 7 during routine inspection.,Flow Station,David,Mechanical,High,Leak,2025-08-01,Day,Under Investigation
577,sensor calibration completed successfully.,Gas Processing Unit,Ahmed,Inspection,Low,Inspection,2025-12-14,Night,Resolved
578,Sensor calibration completed successfully.,Tank Farm,Fatima,Maintenance,Low,Inspection,2025-05-06,Day,Closed
579,Smoke observed from electrical control panel.,Pipeline 7,Blessing,Production,H,Electrical,2025-07-15,Day,Open
580,Oil spill discovered near storage tank.,Wellhead 12,John,Production,High,Oil Spill,2025-01-15,Day,Under Investigation
581,Worker slipped on wet surface near loading bay.,Wellhead 12,Daniel,Maintenance,Medium,Slip/Fall,2026-02-11,Day,Open
582,small hydraulic fluid leak found beneath crane.,Pipeline 8,John,Electrical,Medium,Leak,Apr 02 2026,Night,Under Investigation
583,Smoke observed from electrical control panel.,Storage Terminal,Aisha,Utilities,High,Electrical,2025-11-12,Night,Under Investigation
584,loose flange bolts discovered during maintenance.,Compressor Station,Paul,Mechanical,M,Mechanical,2025-06-23,Night,Resolved
585,,Gas Processing Unit,Daniel,Production,Medium,Leak,2025-01-28,Night,Under Investigation
586,Routine valve maintainance completed without issues.,Pipeline 7,Michael,Pipeline Operations,Low,Maintenance,2025-09-15,Day,Resolved
587,Gas detector triggered alarm near compressor station.,Compressor Station,Ahmed,Instrumentation,High,Gas Detection,2025-08-11,Day,Closed
588,  Unauthorized personnel entered restricted area.  ,Compressor Station,Ahmed,HSE,High,Security,2026-04-25,Day,Closed
589,Smoke observed from electrical control panel.,Storage Terminal,Chinedu,Instrumentation,High,Electrical,2025-02-04,Night,Resolved
590,Loose flange bolts discovered during maintenance.,Refinery,Ahmed,HSE,Medium,Mechanical,02/04/2026,Night,Open
591,  Abnormal temperature recorded in processing unit.  ,,Chinedu,HSE,Medium,Equipment Failure,May 19 2025,Day,Open
592,Small hydraulic fluid leak found beneath crane.,Gas Processing Unit,Grace,Electrical,Medium,Leak,2026-03-13,Day,Under Investigation
593,FIRE EXTINGUISHER INSPECTION COMPLETED SUCCESSFULLY.,Control Room,Grace,PIPELINE OPERATIONS,Low,Inspection,2025-06-17,Day,Resolved
594,Sensor calibration completed successfully.,Storage Terminal,David,Instrumentation,Low,Inspection,2026-04-24,Night,Resolved
595,Fire extinguisher inspection completed successfully.,Pipeline 7,Grace,Electrical,Low,Inspection,2025-12-23,Night,Resolved
596,Loose flange bolts discovered during maintenance.,Pipeline 12,Grace,HSE,Medium,Mechanical,2025-07-12,Day,Open
597,routine valve maintenance completed without issues.,Flow Station,Fatima,Pipeline Operations,Low,Maintenance,2025-06-30,Day,Open
598,Small hydraulic fluid leak found beneath crane.,Pipeline 12,Joy,Inspection,Medium,Leak,2026-04-15,Night,Under Investigation
599,Sensor calibration completed successfully.,Platform B,Blessing,Instrumentation,LOW,Inspection,2025-07-01,Night,Open
600,Smoke observed from electrical control panel.,Pipeline 12,Paul,Production,High,Electrical,2025-06-09,Night,Closed
601,Abnormal temperature recorded in processing unit.,Pipeline 7,Ibrahim,Instrumentation,Medium,Equipment Failure,2025-12-14,Night,Closed
602,Abnormal temperature recorded in processing unit.,Pipeline 7,John,Pipeline Operations,Medium,Equipment Failure,2026-01-15,Day,Under Investigation
603,Fire extinguisher inspection completed successfully.,Platform A,Mary,Mechanical,LOW,Inspection,2025-03-21,Night,Under Investigation
604,GAS DETECTOR TRIGGERED ALARM NEAR COMPRESSOR STATION.,Refinery,Ahmed,Maintenance,High,Gas Detection,2026-06-20,Night,Closed
605,  Pressure leak detected on Pipeline 7 during routine inspection.  ,Refinery,Mary,Instrumentation,High,Leak,2025-03-16,Day,Closed
606,  Routine valve maintainance completed without issues.  ,Flow Station,Samuel,pipeline operations,Low,Maintenance,2025-11-12,Day,Under Investigation
607,Pump vibration exceeded acceptable threshold.,Tank Farm,Joy,Electrical,Medium,Equipment Failure,2026-03-29,Day,Closed
608,Fire extinguisher inspection completed successfully.,Platform B,Paul,Inspection,Low,Inspection,2026-04-12,Day,Under Investigation
609,Pressure leak detected on Pipeline 7 during routine inspection.,Storage Terminal,Paul,HSE,High,Leak,2025-07-18,Day,Under Investigation
610,abnormal temprature recorded in processing unit.,Control Room,David,Production,Medium,Equipment Failure,2025-12-22,Night,Closed
611,  Fire extinguisher inspection completed successfully.  ,Gas Processing Unit,Aisha,Maintenance,Low,Inspection,2025-08-29,Night,Open
612,Sensor calibration completed successfully.,Compressor Station,Mary,HSE,Low,Inspection,21/03/2025,Night,Open
613,Oil spill discovered near storage tank.,Pipeline 8,Ibrahim,Utilities,High,Oil Spill,2025-08-23,Day,Open
614,Oil spill discovered near storage tank.,Control Room,Blessing,Production,High,Oil Spill,2025-04-15,Day,Resolved
615,Loose flange bolts discovered during maintenance.,Compressor Station,,Mechanical,Medium,Mechanical,2025-07-28,Night,Under Investigation
616,ROUTINE VALVE MAINTENANCE COMPLETED WITHOUT ISSUES.,Loading Bay,Ahmed,HSE,Low,Maintenance,2025-01-04,Day,Open
617,small hydraulic fluid leak found beneath crane.,Gas Processing Unit,Michael,Production,Medium,Leak,2025-12-14,Night,Under Investigation
618,Pump vibration exceeded acceptable threshold.,Compressor Station,Joy,Pipeline Operations,Medium,Equipment Failure,2025-02-10,Night,Closed
619,Oil spill discovered near storage tank.,Refinery,Blessing,Pipeline Operations,High,Oil Spill,2025-07-24,Day,Under Investigation
620,Smoke observed from electrical control panel.,Platform A,Daniel,Maintenance,High,Electrical,2025-05-08,Day,Open
621,Fire extinguisher inspection completed successfully.,Platform B,Fatima,Inspection,Low,Inspection,2025-08-10,Night,Resolved
622,Abnormal temprature recorded in processing unit.,Pipeline 8,John,Instrumentation,Medium,Equipment Failure,2025-01-01,Night,Under Investigation
623,,Flow Station,Grace,HSE,Medium,Slip/Fall,2025-07-15,Night,Closed
624,Emergency shutdown activated after pressure surge.,Platform A,John,Instrumentation,High,Equipment Failure,2025-01-13,Night,Under Investigation
625,Abnormal temperature recorded in processing unit.,Loading Bay,Samuel,Production,Medium,Equipment Failure,2026-05-22,Night,Closed
626,Sensor calibration completed successfully.,,Aisha,Mechanical,Low,Inspection,2025-04-24,Day,Open
627,Oil spill discovered near storage tank.,Tank Farm,Fatima,HSE,High,Oil Spill,2025-02-08,Night,Open
628,Worker slipped on wet surface near loading bay.,Pipeline 12,Aisha,Pipeline Operations,Medium,Slip/Fall,2025-12-16,Night,Resolved
629,Small hydraulic fluid leak found beneath crane.,Tank Farm,Aisha,Instrumentation,M,Leak,2026-01-19,Night,Under Investigation
630,Smoke observed from electrical control panel.,Control Room,Michael,Pipeline Operations,High,Electrical,2025-08-11,Night,Under Investigation
631,Loose flange bolts discovered during maintenance.,,David,Instrumentation,Medium,Mechanical,2025-08-31,Night,Open
632,Pressure leak detected on Pipeline 7 during routine inspection.,Control Room,Fatima,Pipeline Operations,High,Leak,2025-08-28,Night,Resolved
633,Loose flange bolts discovered during maintainance.,Pipeline 8,Chinedu,Maintenance,Medium,Mechanical,2025-12-16,Day,Open
634,Pressure leak detected on Pipeline 7 during routine inspection.,Manifold,Ahmed,Maintenance,High,Leak,2025-01-16,Day,Under Investigation
635,Pressure leak detected on Pipeline 7 during routine inspection.,Refinery,Grace,Instrumentation,H,Leak,2025-08-22,Day,Open
636,Sensor calibration completed successfully.,Platform B,Paul,Electrical,Low,Inspection,2025-02-09,Day,Under Investigation
637,  gas detector triggered alarm near compressor station.  ,Flow Station,Samuel,Pipeline Operations,High,Gas Detection,2025-09-12,Day,Open
638,Gas detector triggered alarm near compressor station.,Storage Terminal,Aisha,Instrumentation,High,Gas Detection,2025-10-23,Night,Closed
639,,Storage Terminal,Chinedu,Utilities,Low,Maintenance,2025-05-29,Day,Under Investigation
640,Pump vibration exceeded acceptable threshold.,Loading Bay,Daniel,Maintenance,Medium,Equipment Failure,2026-06-03,Day,Closed
641,,Flow Station,Daniel,Maintenance,Low,Inspection,2026-04-19,Day,Under Investigation
642,Gas detector triggered alarm near compressor station.,Tank Farm,John,HSE,High,Gas Detection,2026-05-19,Day,Resolved
643,OIL SPILL DISCOVERED NEAR STORAGE TANK.,Control Room,Michael,Inspection,High,Oil Spill,2025-03-09,Night,Under Investigation
644,  Sensor calibration completed successfully.  ,Platform A,Chinedu,Utilities,low,Inspection,2025-05-13,Night,Closed
645,Pump vibration exceeded acceptable threshold.,Platform B,Blessing,Maintenance,Medium,Equipment Failure,2025-09-07,Night,Resolved
646,  Pump vibration exceeded acceptable threshold.  ,Wellhead 12,David,Maintenance,Medium,Equipment Failure,2026-03-28,Night,Resolved
647,Smoke observed from electrical control panel.,Pipeline 12,John,Production,High,Electrical,2025-10-20,Night,Closed
648,Loose flange bolts discovered during maintenance.,Compressor Station,David,Electrical,Medium,Mechanical,2026-04-22,Day,Closed
649,Small hydraulic fluid leak found beneath crane.,Manifold,Ahmed,Mechanical,Medium,Leak,2025-05-24,Day,Resolved
650,,Tank Farm,Daniel,Utilities,Medium,Mechanical,2026-01-22,Day,Resolved
651,Small hydraulic fluid leak found beneath crane.,Platform A,Ibrahim,Production,Medium,Leak,2026-01-03,Day,Closed
652,Abnormal temperature recorded in processing unit.,Manifold,Grace,Production,Medium,Equipment Failure,2026-06-13,Day,Resolved
653,Sensor calibration completed successfully.,Platform B,Grace,Utilities,Low,Inspection,2025-10-23,Night,Under Investigation
654,  Pump vibration exceeded acceptable threshold.  ,Flow Station,Paul,Utilities,M,Equipment Failure,2026-04-15,Day,Resolved
655,Routine valve maintenance completed without issues.,Platform B,Samuel,Mechanical,Low,Maintenance,2025-08-26,Night,Resolved
656,Unauthorized personnel entered restricted area.,Pipeline 8,Ibrahim,HSE,High,Security,2025-05-01,Day,Open
657,Smoke observed from electrical control panel.,Pipeline 7,Ibrahim,HSE,High,Electrical,2026-01-01,Night,Closed
658,Routine valve maintenance completed without issues.,Compressor Station,,Maintenance,Low,Maintenance,2026-05-19,Day,Closed
659,Worker slipped on wet surface near loading bay.,Tank Farm,Mary,Mechanical,Medium,Slip/Fall,2025-06-23,Night,Under Investigation
660,Corrosion observed on external pipeline coating.,Gas Processing Unit,Paul,Mechanical,Medium,Corrosion,2026-01-31,Night,Resolved
661,  Loose flange bolts discovered during maintenance.  ,Pipeline 12,Joy,Inspection,Medium,Mechanical,2025-10-19,Night,Closed
662,Sensor calibration completed successfully.,Tank Farm,Samuel,Maintenance,Low,Inspection,2025-05-25,Night,Under Investigation
663,Abnormal temperature recorded in processing unit.,Wellhead 12,Daniel,Inspection,Medium,Equipment Failure,2026-02-01,Night,Under Investigation
664,Loose flange bolts discovered during maintenance.,Storage Terminal,Mary,HSE,medium,Mechanical,2026-05-06,Day,Closed
665,Small hydraulic fluid leak found beneath crane.,Compressor Station,John,HSE,Medium,Leak,2025-02-03,Night,Open
666,Abnormal temperature recorded in processing unit.,Manifold,John,Maintenance,Medium,Equipment Failure,2025-02-08,Day,Open
667,Emergency shutdown activated after pressure surge.,Flow Station,Daniel,Maintenance,High,Equipment Failure,2025-11-08,Night,Open
668,Fire extinguisher inspection completed successfully.,Storage Terminal,Samuel,Production,Low,Inspection,2026-03-20,Day,Closed
669,SMOKE OBSERVED FROM ELECTRICAL CONTROL PANEL.,Flow Station,Joy,Mechanical,High,Electrical,2026-04-11,Night,Closed
670,,Storage Terminal,Mary,Utilities,Low,Maintenance,2026-02-28,Night,Under Investigation
671,,Gas Processing Unit,Aisha,Utilities,Medium,Leak,2025-02-12,Night,Closed
672,Small hydraulic fluid leak found beneath crane.,Pipeline 7,Fatima,Mechanical,Medium,Leak,2025-04-06,Day,Open
673,Worker slipped on wet surface near loading bay.,Pipeline 8,Chinedu,Utilities,Medium,Slip/Fall,2025-02-16,Day,Open
674,Smoke observed from electrical control panel.,Wellhead 12,,Instrumentation,High,Electrical,2026-02-11,Day,Open
675,Smoke observed from electrical control panel.,Pipeline 8,Daniel,Utilities,High,Electrical,12/06/2025,Day,Open
676,Loose flange bolts discovered during maintainance.,Platform B,Blessing,Inspection,Medium,Mechanical,2025-10-07,Night,Resolved
677,sensor calibration completed successfully.,Tank Farm,Michael,Production,low,Inspection,2026-01-27,Night,Resolved
678,Smoke observed from electrical control panel.,Wellhead 12,Paul,Production,High,Electrical,2025-06-06,Day,Open
679,Sensor calibration completed successfully.,Platform A,,Instrumentation,Low,Inspection,2025-09-14,Day,Under Investigation
680,Fire extinguisher inspection completed successfully.,Compressor Station,Samuel,Utilities,Low,Inspection,2025-10-15,Night,Resolved
681,Emergency shutdown activated after pressure surge.,Gas Processing Unit,Paul,Inspection,High,Equipment Failure,2026-06-13,Day,Closed
682,Corrosion observed on external pipeline coating.,Pipeline 12,Samuel,Mechanical,Medium,Corrosion,2025-08-04,Night,Resolved
683,Small hydraulic fluid leak found beneath crane.,Manifold,David,Electrical,MEDIUM,Leak,2026-06-13,Day,Closed
684,Corrosion observed on external pipeline coating.,Compressor Station,Ahmed,Utilities,Medium,Corrosion,2025-12-26,Day,Closed
685,Emergency shutdown activated after pressure surge.,Storage Terminal,Blessing,Utilities,High,Equipment Failure,2025-01-30,Day,Under Investigation
686,emergency shutdown activated after pressure surge.,Storage Terminal,Michael,Electrical,High,Equipment Failure,2025-01-17,Day,Open
687,Small hydraulic fluid leak found beneath crane.,Pipeline 7,Mary,Production,Medium,Leak,2026-04-28,Night,Resolved
688,Sensor calibration completed successfully.,Tank Farm,Chinedu,Mechanical,Low,Inspection,2025-11-11,Day,Resolved
689,Emergency shutdown activated after pressure surge.,Control Room,Fatima,Inspection,High,Equipment Failure,25/01/2025,Night,Closed
690,small hydraulic fluid leak found beneath crane.,Storage Terminal,Samuel,Utilities,Medium,Leak,2025-10-05,Day,Open
691,Worker slipped on wet surface near loading bay.,Loading Bay,Fatima,Electrical,Medium,Slip/Fall,2025-03-09,Night,Open
692,routine valve maintenance completed without issues.,Manifold,Ahmed,Mechanical,Low,Maintenance,2025-01-08,Day,Resolved
693,GAS DETECTOR TRIGGERED ALARM NEAR COMPRESSOR STATION.,Flow Station,Fatima,Maintenance,High,Gas Detection,2025-10-29,Night,Under Investigation
694,Emergency shutdown activated after pressure surge.,Compressor Station,,Utilities,High,Equipment Failure,2026-02-04,Day,Resolved
695,Small hydraulic fluid leak found beneath crane.,Loading Bay,Daniel,Mechanical,Medium,Leak,2026-04-23,Night,Closed
696,  Small hydraulic fluid leak found beneath crane.  ,Refinery,Joy,HSE,Medium,Leak,2025-03-24,Night,Closed
697,Small hydraulic fluid leak found beneath crane.,Compressor Station,David,Inspection,Medium,Leak,2025-05-17,Day,Under Investigation
698,Fire extinguisher inspection completed successfully.,Pipeline 7,Daniel,Electrical,Low,Inspection,2026-03-12,Night,Open
699,Pressure leak detected on Pipeline 7 during routine inspection.,Storage Terminal,Grace,Electrical,High,Leak,2025-12-17,Day,Resolved
700,Gas detector triggered alarm near compressor station.,Storage Terminal,Fatima,Maintenance,High,Gas Detection,2026-04-29,Night,Resolved
701,Corrosion observed on external pipeline coating.,Control Room,Fatima,Mechanical,Medium,Corrosion,17/10/2025,Night,Resolved
702,  Loose flange bolts discovered during maintenance.  ,Loading Bay,Paul,Maintenance,Medium,Mechanical,2025-05-07,Day,Open
703,Smoke observed from electrical control panel.,Pipeline 8,Ahmed,Maintenance,High,Electrical,2025-08-30,Day,Resolved
704,Pressure leak detected on Pipeline 7 during routine inspection.,Platform B,Grace,Production,High,Leak,2026-06-21,Day,Closed
705,Gas detector triggered alarm near compressor station.,Flow Station,Aisha,Utilities,High,Gas Detection,2026-06-08,Night,Under Investigation
706,OIL SPILL DISCOVERED NEAR STORAGE TANK.,Pipeline 12,Daniel,Utilities,High,Oil Spill,2025-11-24,Day,Under Investigation
707,Pressure leak detected on Pipeline 7 during routine inspection.,Platform B,Joy,Utilities,high,Leak,2025-04-28,Day,Closed
708,Emergency shutdown activated after pressure surge.,Wellhead 12,Blessing,Mechanical,High,Equipment Failure,2026-03-09,Day,Closed
709,Worker slipped on wet surface near loading bay.,Flow Station,John,Utilities,Medium,Slip/Fall,2026-05-29,Day,Open
710,Abnormal temperature recorded in processing unit.,Pipeline 7,Michael,Inspection,Medium,Equipment Failure,2025-10-14,Day,Resolved
711,corrosion observed on external pipeline coating.,Wellhead 12,Chinedu,PIPELINE OPERATIONS,Medium,Corrosion,2025-09-16,Day,Under Investigation
712,Routine valve maintenance completed without issues.,Refinery,,Maintenance,Low,Maintenance,2026-01-02,Night,Open
713,SENSOR CALIBRATION COMPLETED SUCCESSFULLY.,Pipeline 7,Grace,Inspection,Low,Inspection,2026-03-09,Day,Closed
714,Unauthorized personnel entered restricted area.,Refinery,Joy,Pipeline Operations,H,Security,2025-11-12,Night,Closed
715,  loose flange bolts discovered during maintenance.  ,Pipeline 7,John,HSE,Medium,Mechanical,2025-02-02,Night,Under Investigation
716,Routine valve maintenance completed without issues.,Tank Farm,Fatima,Pipeline Operations,Low,Maintenance,2025-12-12,Day,Closed
717,SMALL HYDRAULIC FLUID LEAK FOUND BENEATH CRANE.,Compressor Station,Daniel,HSE,Medium,Leak,2025-06-22,Night,Closed
718,Oil spill discovered near storage tank.,Manifold,David,Production,High,Oil Spill,2025-08-25,Day,Resolved
719,Smoke observed from electrical control panel.,Pipeline 7,Aisha,Mechanical,High,Electrical,02/11/2025,Night,Closed
720,Corrosion observed on external pipeline coating.,Flow Station,Grace,Utilities,Medium,Corrosion,2026-04-11,Day,Closed
721,Emergency shutdown activated after pressure surge.,Wellhead 12,Grace,Inspection,High,Equipment Failure,2026-04-07,Night,Closed
722,  Gas detector triggered alarm near compressor station.  ,Tank Farm,Blessing,Production,High,Gas Detection,2025-06-10,Day,Under Investigation
723,Abnormal temperature recorded in processing unit.,Pipeline 12,Joy,Utilities,Medium,Equipment Failure,2026-01-02,Night,Closed
724,Worker slipped on wet surface near loading bay.,Flow Station,Joy,HSE,Medium,Slip/Fall,2025-01-15,Night,Open
725,Emergency shutdown activated after pressure surge.,Refinery,Paul,Mechanical,High,Equipment Failure,2025-02-18,Night,Closed
726,Fire extinguisher inspection completed successfully.,Manifold,Paul,Production,Low,Inspection,2025-07-07,Night,Closed
727,Small hydraulic fluid leak found beneath crane.,Flow Station,Fatima,Maintenance,Medium,Leak,2025-08-23,Night,Resolved
728,Unauthorized personnel entered restricted area.,Manifold,John,Inspection,High,Security,2026-06-05,Day,Resolved
729,Pump vibration exceeded acceptable threshold.,Pipeline 12,Ahmed,Production,Medium,Equipment Failure,2025-07-19,Day,Closed
730,  Abnormal temperature recorded in processing unit.  ,Pipeline 7,David,Mechanical,Medium,Equipment Failure,2025-05-29,Night,Open
731,Fire extinguisher inspection completed successfully.,Gas Processing Unit,Blessing,Utilities,L,Inspection,2026-02-28,Night,Open
732,Worker slipped on wet surface near loading bay.,Storage Terminal,Ibrahim,Mechanical,Medium,Slip/Fall,2025-05-04,Night,Under Investigation
733,Small hydraulic fluid leak found beneath crane.,Pipeline 8,Samuel,Mechanical,Medium,Leak,2026-05-17,Night,Under Investigation
734,  Small hydraulic fluid leak found beneath crane.  ,Loading Bay,Ibrahim,Maintenance,Medium,Leak,2026-06-06,Night,Under Investigation
735,Corrosion observed on external pipeline coating.,Control Room,Ahmed,Maintenance,Medium,Corrosion,2026-01-25,Night,Open
736,,Flow Station,Joy,Inspection,Low,Inspection,2025-11-26,Night,Resolved
737,Small hydraulic fluid leak found beneath crane.,Pipeline 8,Samuel,Production,Medium,Leak,2025-08-01,Day,Open
738,Oil spill discovered near storage tank.,Wellhead 12,Michael,Instrumentation,High,Oil Spill,2025-07-17,Day,Closed
739,WORKER SLIPPED ON WET SURFACE NEAR LOADING BAY.,Pipeline 12,Chinedu,Production,Medium,Slip/Fall,2026-01-16,Day,Resolved
740,Emergency shutdown activated after pressure surge.,Wellhead 12,Michael,Production,high,Equipment Failure,2026-01-01,Day,Open
741,Smoke observed from electrical control panel.,Loading Bay,Blessing,Utilities,High,Electrical,2025-04-23,Night,Open
742,Loose flange bolts discovered during maintenance.,Loading Bay,Ibrahim,Electrical,M,Mechanical,2026-03-05,Night,Open
743,Loose flange bolts discovered during maintainance.,,Samuel,Utilities,Medium,Mechanical,2026-05-15,Night,Resolved
744,Small hydraulic fluid leak found beneath crane.,Pipeline 8,John,Maintenance,Medium,Leak,2025-10-05,Day,Open
745,Pump vibration exceeded acceptable threshold.,Gas Processing Unit,Chinedu,Inspection,Medium,Equipment Failure,2026-05-20,Night,Resolved
746,Loose flange bolts discovered during maintenance.,Pipeline 7,Ahmed,HSE,Medium,Mechanical,2025-02-15,Night,Resolved
747,Sensor calibration completed successfully.,Platform B,Mary,Production,Low,Inspection,2025-02-11,Night,Under Investigation
748,Oil spill discovered near storage tank.,Wellhead 12,Daniel,Utilities,High,Oil Spill,2026-05-09,Night,Resolved
749,Pressure leak detected on Pipeline 7 during routine inspection.,Compressor Station,Joy,Mechanical,High,Leak,2026-05-03,Night,Under Investigation
750,Gas detector triggered alarm near compressor station.,Platform B,Mary,Production,High,Gas Detection,2026-05-17,Day,Closed
751,corrosion observed on external pipeline coating.,Control Room,Grace,HSE,MEDIUM,Corrosion,2025-06-20,Day,Open
752,Sensor calibration completed successfully.,,Paul,Utilities,Low,Inspection,2026-04-09,Night,Under Investigation
753,Abnormal temperature recorded in processing unit.,Loading Bay,Mary,HSE,MEDIUM,Equipment Failure,2025-03-13,Night,Closed
754,Worker slipped on wet surface near loading bay.,Gas Processing Unit,Mary,Pipeline Operations,Medium,Slip/Fall,2025-08-24,Night,Under Investigation
755,Sensor calibration completed successfully.,Compressor Station,Ahmed,Pipeline Operations,Low,Inspection,2026-06-21,Day,Open
756,Smoke observed from electrical control panel.,Control Room,Chinedu,Electrical,High,Electrical,2025-10-29,Day,Open
757,Pressure leak detected on Pipeline 7 during routine inspection.,Flow Station,Joy,Electrical,High,Leak,2025-07-25,Day,Under Investigation
758,Oil spill discovered near storage tank.,Loading Bay,Grace,Production,High,Oil Spill,2025-10-08,Night,Open
759,Loose flange bolts discovered during maintenance.,Tank Farm,David,Maintenance,Medium,Mechanical,2025-05-13,Day,Resolved
760,Sensor calibration completed successfully.,Pipeline 12,Fatima,Pipeline Operations,Low,Inspection,2026-06-19,Day,Open
761,Emergency shutdown activated after pressure surge.,Storage Terminal,Ibrahim,Production,High,Equipment Failure,2026-02-20,Night,Open
762,Pump vibration exceeded acceptable threshold.,Wellhead 12,Michael,Pipeline Operations,Medium,Equipment Failure,2025-10-19,Day,Resolved
763,  Fire extinguisher inspection completed successfully.  ,Wellhead 12,Blessing,Inspection,Low,Inspection,2025-12-18,Night,Closed
764,Emergency shutdown activated after pressure surge.,Storage Terminal,,Pipeline Operations,High,Equipment Failure,2025-04-15,Day,Resolved
765,Sensor calibration completed successfully.,Control Room,Daniel,Production,Low,Inspection,2025-05-12,Day,Open
766,Corrosion observed on external pipeline coating.,Loading Bay,Joy,Inspection,Medium,Corrosion,2025-06-11,Night,Closed
767,  Oil spill discovered near storage tank.  ,Manifold,John,Production,High,Oil Spill,2025-02-21,Night,Under Investigation
768,Sensor calibration completed successfully.,Pipeline 8,Joy,Maintenance,Low,Inspection,2025-09-11,Day,Open
769,  Emergency shutdown activated after pressure surge.  ,Pipeline 7,Joy,Electrical,High,Equipment Failure,2025-05-03,Night,Under Investigation
770,Abnormal temperature recorded in processing unit.,Compressor Station,David,Pipeline Operations,Medium,Equipment Failure,2025-01-20,Day,Open
771,Small hydraulic fluid leak found beneath crane.,Wellhead 12,Chinedu,Electrical,Medium,Leak,2025-09-16,Day,Resolved
772,Smoke observed from electrical control panel.,Compressor Station,Grace,Maintenance,High,Electrical,2026-01-24,Night,Under Investigation
773,Small hydraulic fluid leak found beneath crane.,Gas Processing Unit,David,Maintenance,Medium,Leak,2026-06-15,Night,Closed
774,Corrosion observed on external pipeline coating.,Platform B,Daniel,Instrumentation,Medium,Corrosion,2025-11-01,Night,Resolved
775,Gas detector triggered alarm near compressor station.,Loading Bay,Mary,Electrical,High,Gas Detection,03/06/2026,Day,Resolved
776,Smoke observed from electrical control panel.,Refinery,Samuel,Electrical,High,Electrical,2025-07-31,Day,Resolved
777,  Unauthorized personnel entered restricted area.  ,Platform B,John,Mechanical,High,Security,2026-01-09,Night,Resolved
778,Smoke observed from electrical control panel.,Platform B,Blessing,Utilities,High,Electrical,2026-06-04,Day,Resolved
779,Presssure leak detected on Pipline 7 during routine inspection.,Manifold,Aisha,Production,High,Leak,2025-07-26,Night,Closed
780,Sensor calibration completed successfully.,Platform B,Blessing,Pipeline Operations,Low,Inspection,2025-02-19,Night,Open
781,Worker slipped on wet surface near loading bay.,Gas Processing Unit,Mary,Maintenance,Medium,Slip/Fall,2026-03-20,Night,Closed
782,Pump vibration exceeded acceptable threshold.,Manifold,John,Maintenance,Medium,Equipment Failure,2025-05-08,Day,Under Investigation
783,Pump vibration exceeded acceptable threshold.,Loading Bay,Chinedu,Production,medium,Equipment Failure,2026-05-14,Day,Resolved
784,Routine valve maintenance completed without issues.,,David,Maintenance,low,Maintenance,2025-12-20,Day,Resolved
785,Gas detector triggered alarm near compressor station.,Tank Farm,Ahmed,Maintenance,High,Gas Detection,2025-01-03,Night,Under Investigation
786,Routine valve maintenance completed without issues.,Flow Station,Daniel,Maintenance,Low,Maintenance,29/11/2025,Night,Closed
787,Corrosion observed on external pipeline coating.,Gas Processing Unit,Daniel,HSE,Medium,Corrosion,2025-07-30,Night,Closed
788,Gas detector triggered alarm near compressor station.,Pipeline 8,Michael,Electrical,High,Gas Detection,2025-09-28,Night,Open
789,unauthorized personnel entered restricted area.,Manifold,David,Production,High,Security,2025-11-06,Day,Resolved
790,Routine valve maintenance completed without issues.,Tank Farm,David,Inspection,Low,Maintenance,2025-01-04,Day,Resolved
791,small hydraulic fluid leak found beneath crane.,Compressor Station,Fatima,Maintenance,Medium,Leak,2026-04-21,Night,Under Investigation
792,Routine valve maintenance completed without issues.,Manifold,John,Production,Low,Maintenance,2025-02-27,Day,Under Investigation
793,gas detector triggered alarm near compressor station.,Storage Terminal,Blessing,Mechanical,High,Gas Detection,2026-05-03,Night,Open
794,  Corrosion observed on external pipeline coating.  ,Pipeline 7,Grace,Instrumentation,Medium,Corrosion,2025-04-02,Night,Closed
795,Fire extinguisher inspection completed successfully.,Flow Station,Grace,HSE,Low,Inspection,2025-10-05,Night,Open
796,Loose flange bolts discovered during maintenance.,Manifold,Aisha,Utilities,Medium,Mechanical,2025-03-13,Day,Resolved
797,Routine valve maintenance completed without issues.,Pipeline 12,Michael,Maintenance,Low,Maintenance,2025-10-11,Day,Open
798,Pump vibration exceeded acceptable threshold.,Manifold,Joy,Production,Medium,Equipment Failure,2025-06-21,Day,Closed
799,Smoke observed from electrical control panel.,Gas Processing Unit,Michael,Utilities,High,Electrical,2026-03-18,Night,Under Investigation
800,Unauthorized personnel entered restricted area.,,Chinedu,Inspection,High,Security,Aug 15 2025,Day,Resolved
801,Smoke observed from electrical control panel.,Pipeline 7,Blessing,Instrumentation,High,Electrical,2025-02-06,Night,Under Investigation
802,Worker slipped on wet surface near loading bay.,Platform B,Daniel,Instrumentation,Medium,Slip/Fall,2025-12-21,Night,Closed
803,Loose flange bolts discovered during maintenance.,Flow Station,Ahmed,Inspection,Medium,Mechanical,2025-11-28,Night,Closed
804,Smoke observed from electrical control panel.,Gas Processing Unit,Paul,Inspection,HIGH,Electrical,2025-07-09,Day,Open
805,Unauthorized personnel entered restricted area.,Platform A,Paul,Inspection,High,Security,2025-05-25,Day,Open
806,Emergency shutdown activated after pressure surge.,Manifold,Daniel,Mechanical,High,Equipment Failure,2026-05-05,Day,Open
807,Smoke observed from electrical control panel.,Flow Station,Grace,HSE,High,Electrical,2025-08-08,Day,Closed
808,Pressure leak detected on Pipeline 7 during routine inspection.,Manifold,Michael,Maintenance,High,Leak,2025-05-26,Night,Resolved
809,sensor calibration completed successfully.,Flow Station,Joy,Inspection,Low,Inspection,2026-03-09,Night,Open
810,Gas detector triggered alarm near compressor station.,Pipeline 7,Daniel,Inspection,High,Gas Detection,2025-07-21,Night,Closed
811,Unauthorized personnel entered restricted area.,Pipeline 7,Mary,Mechanical,High,Security,2025-05-25,Night,Closed
812,Pump vibration exceeded acceptable threshold.,Flow Station,Ahmed,Utilities,Medium,Equipment Failure,2026-01-10,Night,Closed
813,Smoke observed from electrical control panel.,,Ibrahim,Instrumentation,High,Electrical,2025-02-23,Day,Resolved
814,Pressure leak detected on Pipeline 7 during routine inspection.,Manifold,John,Pipeline Ops,High,Leak,2025-03-26,Night,Open
815,Gas detector triggered alarm near compressor station.,Control Room,,Instrumentation,H,Gas Detection,2026-02-06,Night,Closed
816,Worker slipped on wet surface near loading bay.,Platform B,Michael,Inspection,Medium,Slip/Fall,2025-10-31,Night,Open
817,  Worker slipped on wet surface near loading bay.  ,Gas Processing Unit,Fatima,Production,Medium,Slip/Fall,2026-06-02,Night,Under Investigation
818,Gas detector triggered alarm near compressor station.,Tank Farm,John,Utilities,High,Gas Detection,2026-02-20,Day,Under Investigation
819,Presssure leak detected on Pipline 7 during routine inspection.,Refinery,Aisha,Maintenance,HIGH,Leak,2025-01-22,Night,Resolved
820,  Loose flange bolts discovered during maintainance.  ,Pipeline 7,Aisha,Mechanical,MEDIUM,Mechanical,2025-12-17,Day,Closed
821,Unauthorized personnel entered restricted area.,Storage Terminal,Grace,Production,High,Security,2025-10-02,Day,Under Investigation
822,Emergency shutdown activated after pressure surge.,Loading Bay,Daniel,Utilities,High,Equipment Failure,2026-02-08,Night,Resolved
823,Abnormal temperature recorded in processing unit.,Tank Farm,Ahmed,Mechanical,Medium,Equipment Failure,2025-06-21,Night,Open
824,  Smoke observed from electrical control panel.  ,Manifold,Chinedu,Utilities,High,Electrical,2026-01-01,Day,Open
825,  Small hydraulic fluid leak found beneath crane.  ,Tank Farm,David,Utilities,Medium,Leak,2026-01-29,Night,Under Investigation
826,Sensor calibration completed successfully.,Pipeline 7,Fatima,Mechanical,Low,Inspection,2026-06-21,Night,Open
827,Worker slipped on wet surface near loading bay.,Manifold,Ahmed,Pipeline Operations,Medium,Slip/Fall,2025-09-03,Night,Closed
828,Unauthorized personnel entered restricted area.,Compressor Station,Daniel,Inspection,high,Security,2025-03-11,Night,Under Investigation
829,,Pipeline 7,Paul,Maintenance,High,Gas Detection,2025-07-29,Day,Under Investigation
830,Pump vibration exceeded acceptable threshold.,Control Room,Daniel,Instrumentation,Medium,Equipment Failure,2026-03-02,Night,Open
831,routine valve maintenance completed without issues.,Manifold,David,Instrumentation,Low,Maintenance,2026-02-27,Night,Closed
832,Pressure leak detected on Pipeline 7 during routine inspection.,Pipeline 7,,Production,High,Leak,2026-01-08,Day,Resolved
833,Small hydraulic fluid leak found beneath crane.,Platform A,Daniel,HSE,Medium,Leak,2025-10-06,Day,Resolved
834,Pressure leak detected on Pipeline 7 during routine inspection.,Tank Farm,Ibrahim,Pipeline Operations,High,Leak,2026-01-06,Night,Closed
835,Smoke observed from electrical control panel.,Loading Bay,Mary,Electrical,High,Electrical,2026-01-19,Night,Resolved
836,Corrosion observed on external pipeline coating.,Storage Terminal,David,Utilities,Medium,Corrosion,2026-06-23,Night,Closed
837,  Routine valve maintenance completed without issues.  ,Platform A,Grace,Mechanical,Low,Maintenance,2025-08-05,Day,Open
838,Loose flange bolts discovered during maintenance.,Platform B,Ibrahim,Inspection,Medium,Mechanical,2025-01-10,Day,Open
839,Pump vibration exceeded acceptable threshold.,Control Room,Samuel,Maintenance,Medium,Equipment Failure,May 31 2025,Night,Under Investigation
840,Small hydraulic fluid leak found beneath crane.,Pipeline 8,Daniel,Production,Medium,Leak,2026-05-24,Night,Resolved
841,Emergency shutdown activated after pressure surge.,Refinery,Aisha,Mechanical,High,Equipment Failure,2025-02-12,Night,Under Investigation
842,Small hydraulic fluid leak found beneath crane.,Pipeline 12,Ahmed,Production,Medium,Leak,2025-09-03,Night,Open
843,Unauthorized personnel entered restricted area.,Manifold,John,Mechanical,High,Security,2026-05-30,Night,Open
844,Loose flange bolts discovered during maintenance.,Wellhead 12,Fatima,Utilities,MEDIUM,Mechanical,2025-01-29,Night,Closed
845,Abnormal temperature recorded in processing unit.,Pipeline 12,Ibrahim,Production,Medium,Equipment Failure,2025-04-28,Day,Closed
846,Oil spill discovered near storage tank.,Loading Bay,Fatima,Pipeline Operations,High,Oil Spill,2025-09-10,Day,Open
847,Pump vibration exceeded acceptable threshold.,Control Room,John,Electrical,Medium,Equipment Failure,2025-07-24,Night,Open
848,Worker slipped on wet surface near loading bay.,Wellhead 12,David,Mechanical,Medium,Slip/Fall,2025-11-02,Night,Under Investigation
849,Small hydraulic fluid leak found beneath crane.,Flow Station,Ibrahim,Mechanical,Medium,Leak,2025-10-02,Day,Closed
850,Oil spill discovered near storage tank.,Pipeline 12,Chinedu,Production,High,Oil Spill,2025-08-14,Day,Closed
851,Fire extinguisher inspection completed successfully.,Control Room,John,Production,Low,Inspection,2025-08-20,Night,Resolved
852,Fire extinguisher inspection completed successfully.,Gas Processing Unit,Mary,Instrumentation,Low,Inspection,2025-09-27,Day,Closed
853,Unauthorized personnel entered restricted area.,Loading Bay,Blessing,Production,High,Security,2025-02-01,Night,Resolved
854,Gas detector triggered alarm near compressor station.,Platform B,Michael,Electrical,High,Gas Detection,2025-12-28,Day,Closed
855,Smoke observed from electrical control panel.,Gas Processing Unit,Fatima,Electrical,HIGH,Electrical,2025-06-20,Night,Under Investigation
856,Routine valve maintainance completed without issues.,Loading Bay,Grace,Instrumentation,Low,Maintenance,2025-10-12,Day,Under Investigation
857,Smoke observed from electrical control panel.,Pipeline 12,Blessing,Mechanical,High,Electrical,2026-01-19,Day,Resolved
858,Worker slipped on wet surface near loading bay.,Pipeline 7,Ahmed,Instrumentation,Medium,Slip/Fall,2025-05-03,Day,Under Investigation
859,Pressure leak detected on Pipeline 7 during routine inspection.,Pipeline 12,Grace,Utilities,High,Leak,2025-02-08,Day,Open
860,  Smoke observed from electrical control panel.  ,Manifold,Ibrahim,Inspection,high,Electrical,2025-03-13,Day,Open
861,Emergency shutdown activated after pressure surge.,Wellhead 12,Ahmed,Inspection,High,Equipment Failure,2026-02-26,Day,Closed
862,Pump vibration exceeded acceptable threshold.,Refinery,Joy,Utilities,Medium,Equipment Failure,16/05/2025,Night,Under Investigation
863,Pump vibration exceeded acceptable threshold.,Platform A,Samuel,Mechanical,Medium,Equipment Failure,2026-01-26,Day,Open
864,Small hydraulic fluid leak found beneath crane.,Platform A,,Utilities,M,Leak,2025-07-16,Day,Open
865,Unauthorized personnel entered restricted area.,Platform A,Blessing,Maintenance,High,Security,2025-11-28,Day,Open
866,unauthorized personnel entered restricted area.,Storage Terminal,Joy,Maintenance,High,Security,2025-11-06,Day,Closed
867,Emergency shutdown activated after pressure surge.,Compressor Station,Michael,Maintenance,High,Equipment Failure,2025-06-26,Night,Open
868,Small hydraulic fluid leak found beneath crane.,Control Room,Ibrahim,Pipeline Operations,Medium,Leak,2026-02-03,Night,Under Investigation
869,Smoke observed from electrical control panel.,Gas Processing Unit,Grace,Inspection,High,Electrical,2025-04-08,Day,Resolved
870,Pump vibration exceeded acceptable threshold.,Pipeline 12,Fatima,Inspection,Medium,Equipment Failure,2026-06-08,Day,Resolved
871,Routine valve maintainance completed without issues.,Pipeline 7,Ahmed,Utilities,Low,Maintenance,2025-09-07,Day,Open
872,Sensor calibration completed successfully.,Gas Processing Unit,Aisha,Electrical,Low,Inspection,2025-09-12,Night,Closed
873,SMOKE OBSERVED FROM ELECTRICAL CONTROL PANEL.,Compressor Station,,Maintenance,High,Electrical,2025-01-01,Day,Closed
874,Routine valve maintenance completed without issues.,Wellhead 12,Aisha,Production,Low,Maintenance,2026-01-01,Day,Open
875,sensor calibration completed successfully.,Platform B,Daniel,Pipeline Operations,LOW,Inspection,2025-09-21,Day,Open
876,PUMP VIBRATION EXCEEDED ACCEPTABLE THRESHOLD.,Tank Farm,David,Inspection,Medium,Equipment Failure,2026-05-29,Night,Closed
877,  Emergency shutdown activated after pressure surge.  ,Platform B,Michael,Maintenance,HIGH,Equipment Failure,2025-04-27,Night,Resolved
878,Smoke observed from electrical control panel.,Pipeline 12,Samuel,Mechanical,High,Electrical,2025-08-01,Day,Resolved
879,Sensor calibration completed successfully.,Storage Terminal,Daniel,HSE,Low,Inspection,2025-03-04,Day,Closed
880,Worker slipped on wet surface near loading bay.,Control Room,John,Electrical,Medium,Slip/Fall,2025-09-02,Day,Under Investigation
881,Worker slipped on wet surface near loading bay.,Flow Station,Samuel,HSE,Medium,Slip/Fall,2026-01-14,Night,Open
882,  Emergency shutdown activated after pressure surge.  ,Loading Bay,Paul,Pipeline Operations,High,Equipment Failure,2025-10-28,Night,Resolved
883,,Flow Station,Chinedu,HSE,Medium,Corrosion,2026-01-06,Night,Closed
884,Oil spill discovered near storage tank.,,Ahmed,Pipeline Operations,High,Oil Spill,2026-03-27,Day,Open
885,Gas detector triggered alarm near compressor station.,Manifold,Joy,Production,High,Gas Detection,2026-06-14,Day,Closed
886,Worker slipped on wet surface near loading bay.,Pipeline 7,Michael,Production,Medium,Slip/Fall,2026-01-11,Day,Closed
887,Loose flange bolts discovered during maintenance.,Platform B,Samuel,Inspection,Medium,Mechanical,2026-05-06,Day,Closed
888,Pressure leak detected on Pipeline 7 during routine inspection.,Control Room,Samuel,Utilities,High,Leak,2025-03-03,Night,Closed
889,WORKER SLIPPED ON WET SURFACE NEAR LOADING BAY.,Tank Farm,Chinedu,Electrical,Medium,Slip/Fall,2026-04-25,Night,Closed
890,loose flange bolts discovered during maintenance.,Loading Bay,Michael,HSE,Medium,Mechanical,2025-08-04,Night,Under Investigation
891,  Smoke observed from electrical control panel.  ,Refinery,Samuel,Production,High,Electrical,2026-05-19,Night,Open
892,Unauthorized personnel entered restricted area.,Storage Terminal,Aisha,Inspection,High,Security,2026-06-22,Night,Closed
893,Loose flange bolts discovered during maintenance.,Pipeline 8,Samuel,Electrical,Medium,Mechanical,2025-09-30,Night,Open
894,Corrosion observed on external pipeline coating.,Storage Terminal,Daniel,Pipeline Operations,M,Corrosion,2025-11-13,Day,Closed
895,Gas detector triggered alarm near compressor station.,Flow Station,John,Instrumentation,H,Gas Detection,2025-11-05,Night,Open
896,Gas detector triggred alarm near compressor station.,Loading Bay,Blessing,Pipeline Operations,High,Gas Detection,2026-06-21,Night,Resolved
897,Loose flange bolts discovered during maintainance.,Gas Processing Unit,David,Mechanical,Medium,Mechanical,2025-12-06,Day,Under Investigation
898,OIL SPILL DISCOVERED NEAR STORAGE TANK.,Platform A,David,Instrumentation,High,Oil Spill,2025-03-19,Night,Open
899,Small hydraulic fluid leak found beneath crane.,Storage Terminal,Michael,Inspection,Medium,Leak,2026-02-12,Day,Resolved
900,pump vibration exceeded acceptable threshold.,Storage Terminal,Ahmed,Pipeline Operations,Medium,Equipment Failure,2026-02-12,Night,Resolved
901,Unauthorized personnel entered restricted area.,Platform B,Fatima,Maintenance,High,Security,Jan 04 2025,Day,Under Investigation
902,Emergency shutdown activated after pressure surge.,Pipeline 7,Paul,Mechanical,High,Equipment Failure,2026-04-16,Night,Under Investigation
903,Pump vibration exceeded acceptable threshold.,Wellhead 12,Mary,Production,medium,Equipment Failure,2026-05-16,Night,Under Investigation
904,Sensor calibration completed successfully.,Compressor Station,Chinedu,Utilities,Low,Inspection,2025-09-06,Night,Closed
905,oil spill discovered near storage tank.,Pipeline 7,Daniel,Instrumentation,High,Oil Spill,2025-07-08,Night,Open
906,ABNORMAL TEMPERATURE RECORDED IN PROCESSING UNIT.,Pipeline 7,Samuel,HSE,Medium,Equipment Failure,2025-01-29,Night,Under Investigation
907,Pump vibration exceeded acceptable threshold.,Manifold,David,Electrical,Medium,Equipment Failure,2025-05-04,Night,Closed
908,Unauthorized personnel entered restricted area.,Compressor Station,David,Maintenance,HIGH,Security,2025-07-23,Day,Closed
909,SMALL HYDRAULIC FLUID LEAK FOUND BENEATH CRANE.,Platform B,Ahmed,Inspection,Medium,Leak,2026-03-02,Day,Open
910,CORROSION OBSERVED ON EXTERNAL PIPELINE COATING.,Tank Farm,Fatima,Inspection,Medium,Corrosion,2026-06-04,Night,Resolved
911,  Unauthorized personnel entered restricted area.  ,Pipeline 8,Ibrahim,Inspection,High,Security,2025-12-07,Night,Closed
912,Sensor calibration completed successfully.,Flow Station,David,Pipeline Operations,Low,Inspection,2025-07-31,Day,Under Investigation
913,Smoke observed from electrical control panel.,Manifold,John,Mechanical,High,Electrical,2025-05-20,Night,Closed
914,Unauthorized personnel entered restricted area.,Loading Bay,Michael,Inspection,High,Security,13/10/2025,Day,Resolved
915,Loose flange bolts discovered during maintenance.,Gas Processing Unit,Fatima,Maintenance,Medium,Mechanical,2026-01-02,Night,Resolved
916,routine valve maintenance completed without issues.,,Blessing,HSE,Low,Maintenance,2025-08-21,Night,Open
917,Unauthorized personnel entered restricted area.,Platform B,Mary,Inspection,High,Security,2026-05-17,Night,Resolved
918,Loose flange bolts discovered during maintenance.,Refinery,John,Electrical,Medium,Mechanical,2025-10-20,Day,Open
919,oil spill discovered near storage tank.,Gas Processing Unit,Ahmed,Utilities,High,Oil Spill,2025-05-26,Day,Under Investigation
920,,Refinery,Joy,Production,Medium,Equipment Failure,2025-05-22,Night,Open
921,Emergency shutdown activated after pressure surge.,Pipeline 7,Ahmed,Electrical,High,Equipment Failure,2025-05-20,Day,Closed
922,Abnormal temperature recorded in processing unit.,Flow Station,Fatima,Mechanical,Medium,Equipment Failure,2025-04-14,Night,Open
923,Oil spill discovered near storage tank.,Flow Station,Ahmed,Maintenance,High,Oil Spill,2025-05-05,Night,Closed
924,Emergency shutdown activated after pressure surge.,Refinery,Grace,Instrumentation,High,Equipment Failure,2025-12-15,Day,Closed
925,Smoke observed from electrical control panel.,Pipeline 12,Blessing,Inspection,High,Electrical,2025-02-02,Night,Under Investigation
926,SENSOR CALIBRATION COMPLETED SUCCESSFULLY.,Wellhead 12,Joy,Utilities,Low,Inspection,2026-04-28,Night,Open
927,Corrosion observed on external pipeline coating.,Wellhead 12,Joy,Production,Medium,Corrosion,2025-09-19,Night,Closed
928,Oil spill discovered near storage tank.,Tank Farm,Chinedu,Utilities,High,Oil Spill,2026-02-13,Night,Resolved
929,Oil spill discovered near storage tank.,Storage Terminal,Aisha,Mechanical,High,Oil Spill,2025-07-05,Day,Resolved
930,Sensor calibration completed successfully.,Manifold,Fatima,Mechanical,Low,Inspection,2026-04-13,Day,Open
931,Loose flange bolts discovered during maintenance.,Tank Farm,Daniel,Instrumentation,Medium,Mechanical,2025-04-29,Night,Under Investigation
932,Emergency shutdown activated after pressure surge.,Tank Farm,Michael,Maintenance,High,Equipment Failure,2025-12-26,Night,Open
933,GAS DETECTOR TRIGGERED ALARM NEAR COMPRESSOR STATION.,Flow Station,John,Maintenance,high,Gas Detection,2025-08-24,Night,Under Investigation
934,Abnormal temperature recorded in processing unit.,Wellhead 12,Aisha,Inspection,Medium,Equipment Failure,2025-11-19,Day,Open
935,Loose flange bolts discovered during maintenance.,Compressor Station,Joy,Production,Medium,Mechanical,2025-05-16,Day,Open
936,Emergency shutdown activated after pressure surge.,Pipeline 7,Michael,Pipeline Operations,High,Equipment Failure,29/11/2025,Night,Closed
937,Fire extinguisher inspection completed successfully.,Platform B,Chinedu,Production,Low,Inspection,2025-02-20,Night,Resolved
938,Pump vibration exceeded acceptable threshold.,Pipeline 8,Aisha,Mechanical,Medium,Equipment Failure,2025-12-01,Day,Under Investigation
939,Small hydraulic fluid leak found beneath crane.,Platform A,Grace,Mechanical,Medium,Leak,2025-02-21,Day,Under Investigation
940,Pump vibration exceeded acceptable threshold.,Platform A,Blessing,HSE,Medium,Equipment Failure,2025-11-18,Day,Open
941,Gas detector triggered alarm near compressor station.,Wellhead 12,Paul,Production,High,Gas Detection,2025-09-16,Day,Resolved
942,PRESSURE LEAK DETECTED ON PIPELINE 7 DURING ROUTINE INSPECTION.,Refinery,Grace,Production,High,Leak,2025-04-19,Day,Resolved
943,Emergency shutdown activated after pressure surge.,Compressor Station,Samuel,Mechanical,High,Equipment Failure,2025-04-23,Day,Closed
944,Abnormal temperature recorded in processing unit.,Pipeline 8,Ibrahim,HSE,Medium,Equipment Failure,2025-01-24,Night,Resolved
945,Unauthorized personnel entered restricted area.,Tank Farm,Mary,Inspection,High,Security,2025-07-03,Night,Open
946,Routine valve maintenance completed without issues.,Gas Processing Unit,Mary,Mechanical,Low,Maintenance,2025-02-27,Day,Closed
947,Oil spill discovered near storage tank.,Manifold,Aisha,Production,High,Oil Spill,2025-11-15,Night,Under Investigation
948,,Compressor Station,John,Instrumentation,High,Gas Detection,2025-12-13,Day,Resolved
949,Sensor calibration completed successfully.,Storage Terminal,Michael,Electrical,Low,Inspection,2026-02-05,Night,Closed
950,Unauthorized personnel entered restricted area.,Storage Terminal,Aisha,Maintenance,High,Security,2025-09-12,Night,Resolved
951,Sensor calibration completed successfully.,Pipeline 7,Ahmed,Inspection,Low,Inspection,Dec 30 2025,Night,Resolved
952,Abnormal temperature recorded in processing unit.,Storage Terminal,Paul,Electrical,Medium,Equipment Failure,2026-04-04,Day,Closed
953,Oil spill discovered near storage tank.,Loading Bay,Ahmed,Pipeline Operations,high,Oil Spill,2025-06-12,Night,Open
954,Sensor calibration completed successfully.,Loading Bay,Daniel,Production,Low,Inspection,2025-12-11,Night,Under Investigation
955,small hydraulic fluid leak found beneath crane.,Flow Station,Ahmed,Mechanical,Medium,Leak,2025-09-18,Night,Open
956,,,David,Utilities,High,Oil Spill,Mar 29 2026,Day,Open
957,,Pipeline 8,Michael,Electrical,Medium,Corrosion,2025-09-16,Night,Closed
958,Smoke observed from electrical control panel.,Wellhead 12,Paul,Pipeline Operations,High,Electrical,2026-02-10,Night,Resolved
959,ROUTINE VALVE MAINTENANCE COMPLETED WITHOUT ISSUES.,Gas Processing Unit,Samuel,Maintenance,Low,Maintenance,2026-02-08,Day,Closed
960,PRESSURE LEAK DETECTED ON PIPELINE 7 DURING ROUTINE INSPECTION.,Gas Processing Unit,Michael,Production,High,Leak,2025-05-20,Day,Resolved
419,Loose flange bolts discovered during maintenance.,Compressor Station,Mary,Utilities,Medium,Mechanical,2026-04-09,Day,Resolved
270,Worker slipped on wet surface near loading bay.,Tank Farm,John,Maintenance,Medium,Slip/Fall,2026-03-16,Day,Open
663,Abnormal temperature recorded in processing unit.,Wellhead 12,Daniel,Inspection,Medium,Equipment Failure,2026-02-01,Night,Under Investigation
347,Routine valve maintenance completed without issues.,Flow Station,David,Instrumentation,Low,Maintenance,2025-11-18,Night,Open
439,Emergency shutdown activated after pressure surge.,Manifold,Grace,Production,High,Equipment Failure,2026-03-12,Night,Closed
65,FIRE EXTINGUISHER INSPECTION COMPLETED SUCCESSFULLY.,Pipeline 12,Blessing,Mechanical,Low,Inspection,24/05/2025,Day,Closed
343,Smoke observed from electrical control panel.,Platform A,Joy,Production,High,Electrical,2025-10-30,Day,Closed
408,Unauthorized personnel entered restricted area.,Storage Terminal,Joy,Maintenance,High,Security,2025-10-05,Night,Open
406,Small hydraulic fluid leak found beneath crane.,Platform A,Chinedu,HSE,MEDIUM,Leak,2026-03-26,Day,Resolved
676,Loose flange bolts discovered during maintainance.,Platform B,Blessing,Inspection,Medium,Mechanical,2025-10-07,Night,Resolved
91,PRESSURE LEAK DETECTED ON PIPELINE 7 DURING ROUTINE INSPECTION.,Loading Bay,,HSE,High,Leak,2025-10-19,Day,Resolved
112,Abnormal temperature recorded in processing unit.,Loading Bay,John,Mechanical,Medium,Equipment Failure,2025-06-09,Night,Under Investigation
375,  Smoke observed from electrical control panel.  ,Pipeline 8,John,HSE,High,Electrical,2026-06-22,Night,Resolved
188,,Control Room,Chinedu,Maintenance,Medium,Slip/Fall,2025-09-26,Day,Resolved
695,Small hydraulic fluid leak found beneath crane.,Loading Bay,Daniel,Mechanical,Medium,Leak,2026-04-23,Night,Closed
589,Smoke observed from electrical control panel.,Storage Terminal,Chinedu,Instrumentation,High,Electrical,2025-02-04,Night,Resolved
367,Small hydraulic fluid leak found beneath crane.,Compressor Station,David,Pipeline Operations,Medium,Leak,2025-05-23,Night,Open
688,Sensor calibration completed successfully.,Tank Farm,Chinedu,Mechanical,Low,Inspection,2025-11-11,Day,Resolved
481,Pressure leak detected on Pipeline 7 during routine inspection.,Flow Station,Chinedu,Electrical,High,Leak,2025-06-26,Day,Under Investigation
687,Small hydraulic fluid leak found beneath crane.,Pipeline 7,Mary,Production,Medium,Leak,2026-04-28,Night,Resolved
219,Emergency shutdown activated after pressure surge.,Wellhead 12,Ahmed,Production,High,Equipment Failure,2025-10-08,Day,Closed
490,  Oil spill discovered near storage tank.  ,Platform A,Paul,Maintenance,High,Oil Spill,2025-11-11,Night,Closed
396,Corrosion observed on external pipeline coating.,Storage Terminal,Samuel,Inspection,Medium,Corrosion,2026-03-05,Day,Open
621,Fire extinguisher inspection completed successfully.,Platform B,Fatima,Inspection,Low,Inspection,2025-08-10,Night,Resolved
389,Routine valve maintainance completed without issues.,Pipeline 12,Ahmed,Maintenance,Low,Maintenance,2026-02-11,Night,Open
333,emergency shutdown activated after pressure surge.,Compressor Station,Samuel,Electrical,High,Equipment Failure,2026-05-23,Night,Open
664,Loose flange bolts discovered during maintenance.,Storage Terminal,Mary,HSE,medium,Mechanical,2026-05-06,Day,Closed
79,Emergency shutdown activated after pressure surge.,Manifold,Mary,Electrical,High,Equipment Failure,2025-06-17,Night,Open
212,,Compressor Station,Aisha,HSE,Medium,Mechanical,2026-02-25,Night,Under Investigation
555,Loose flange bolts discovered during maintainance.,Control Room,Ahmed,Inspection,medium,Mechanical,2026-01-30,Night,Resolved
604,GAS DETECTOR TRIGGERED ALARM NEAR COMPRESSOR STATION.,Refinery,Ahmed,Maintenance,High,Gas Detection,2026-06-20,Night,Closed
254,Oil spill discovered near storage tank.,Storage Terminal,Michael,Electrical,High,Oil Spill,2025-07-14,Day,Resolved
482,Unauthorized personnel entered restricted area.,Storage Terminal,Mary,Utilities,High,Security,2026-04-11,Day,Under Investigation
577,sensor calibration completed successfully.,Gas Processing Unit,Ahmed,Inspection,Low,Inspection,2025-12-14,Night,Resolved
627,Oil spill discovered near storage tank.,Tank Farm,Fatima,HSE,High,Oil Spill,2025-02-08,Night,Open
683,Small hydraulic fluid leak found beneath crane.,Manifold,David,Electrical,MEDIUM,Leak,2026-06-13,Day,Closed
582,small hydraulic fluid leak found beneath crane.,Pipeline 8,John,Electrical,Medium,Leak,Apr 02 2026,Night,Under Investigation
351,Routine valve maintenance completed without issues.,Platform B,Grace,Mechanical,L,Maintenance,2025-12-12,Night,Open
366,Unauthorized personnel entered restricted area.,Pipeline 12,Blessing,Electrical,High,Security,2026-01-06,Day,Under Investigation
145,Corrosion observed on external pipeline coating.,Pipeline 7,Fatima,Inspection,Medium,Corrosion,27/03/2025,Day,Resolved
